{"v":"5.7.3","fr":25,"ip":0,"op":182,"w":1057,"h":1016,"nm":"персонаж с планшетом","ddd":0,"assets":[],"layers":[{"ddd":0,"ind":1,"ty":3,"nm":"Null 14","sr":1,"ks":{"o":{"a":0,"k":0,"ix":11},"r":{"a":0,"k":0,"ix":10},"p":{"a":0,"k":[430.5,490,0],"ix":2},"a":{"a":0,"k":[0,0,0],"ix":1},"s":{"a":0,"k":[100,100,100],"ix":6}},"ao":0,"ip":0,"op":182,"st":0,"bm":0},{"ddd":0,"ind":2,"ty":4,"nm":"глаз 2 Outlines","parent":9,"sr":1,"ks":{"o":{"a":0,"k":100,"ix":11},"r":{"a":0,"k":0,"ix":10},"p":{"a":0,"k":[72.386,71.235,0],"ix":2},"a":{"a":0,"k":[7.954,2.628,0],"ix":1},"s":{"a":0,"k":[100,100,100],"ix":6}},"ao":0,"shapes":[{"ty":"gr","it":[{"ind":0,"ty":"sh","ix":1,"ks":{"a":1,"k":[{"i":{"x":0.667,"y":1},"o":{"x":0.333,"y":0},"t":7,"s":[{"i":[[0,0],[-5.567,3.257]],"o":[[0,0],[0,0]],"v":[[-6.954,0.241],[6.954,-1.629]],"c":false}]},{"i":{"x":0.667,"y":1},"o":{"x":0.333,"y":0},"t":36,"s":[{"i":[[0,0],[-6.107,6.28]],"o":[[0,0],[0,0]],"v":[[-6.66,-2.045],[6.523,-3.598]],"c":false}]},{"i":{"x":0.667,"y":1},"o":{"x":0.333,"y":0},"t":64,"s":[{"i":[[0,0],[-5.567,3.257]],"o":[[0,0],[0,0]],"v":[[-6.954,0.241],[6.954,-1.629]],"c":false}]},{"i":{"x":0.667,"y":1},"o":{"x":0.333,"y":0},"t":84,"s":[{"i":[[0,0],[-5.567,3.257]],"o":[[0,0],[0,0]],"v":[[-6.954,0.241],[6.954,-1.629]],"c":false}]},{"i":{"x":0.667,"y":1},"o":{"x":0.333,"y":0},"t":113,"s":[{"i":[[0,0],[-6.107,6.28]],"o":[[0,0],[0,0]],"v":[[-6.66,-2.045],[6.523,-3.598]],"c":false}]},{"t":141,"s":[{"i":[[0,0],[-5.567,3.257]],"o":[[0,0],[0,0]],"v":[[-6.954,0.241],[6.954,-1.629]],"c":false}]}],"ix":2},"nm":"Path 1","mn":"ADBE Vector Shape - Group","hd":false},{"ty":"st","c":{"a":0,"k":[0.149000010771,0.195999998205,0.219999994016,1],"ix":3},"o":{"a":0,"k":100,"ix":4},"w":{"a":0,"k":1,"ix":5},"lc":2,"lj":2,"bm":0,"nm":"Stroke 1","mn":"ADBE Vector Graphic - Stroke","hd":false},{"ty":"fl","c":{"a":0,"k":[1,1,1,1],"ix":4},"o":{"a":0,"k":100,"ix":5},"r":1,"bm":0,"nm":"Fill 1","mn":"ADBE Vector Graphic - Fill","hd":false},{"ty":"tr","p":{"a":0,"k":[7.954,2.628],"ix":2},"a":{"a":0,"k":[0,0],"ix":1},"s":{"a":0,"k":[100,100],"ix":3},"r":{"a":0,"k":0,"ix":6},"o":{"a":0,"k":100,"ix":7},"sk":{"a":0,"k":0,"ix":4},"sa":{"a":0,"k":0,"ix":5},"nm":"Transform"}],"nm":"Group 1","np":3,"cix":2,"bm":0,"ix":1,"mn":"ADBE Vector Group","hd":false}],"ip":0,"op":182,"st":0,"bm":0},{"ddd":0,"ind":3,"ty":4,"nm":"глаз Outlines","parent":9,"sr":1,"ks":{"o":{"a":0,"k":100,"ix":11},"r":{"a":0,"k":0,"ix":10},"p":{"a":0,"k":[40.148,74.712,0],"ix":2},"a":{"a":0,"k":[6.788,2.387,0],"ix":1},"s":{"a":0,"k":[100,100,100],"ix":6}},"ao":0,"shapes":[{"ty":"gr","it":[{"ind":0,"ty":"sh","ix":1,"ks":{"a":1,"k":[{"i":{"x":0.667,"y":1},"o":{"x":0.333,"y":0},"t":7,"s":[{"i":[[0,0],[-4.643,2.773]],"o":[[0,0],[0,0]],"v":[[-5.787,-0.463],[5.787,-1.387]],"c":false}]},{"i":{"x":0.667,"y":1},"o":{"x":0.333,"y":0},"t":36,"s":[{"i":[[0,0],[-6.278,5.998]],"o":[[0,0],[0,0]],"v":[[-5.845,-2.466],[5.142,-2.959]],"c":false}]},{"i":{"x":0.667,"y":1},"o":{"x":0.333,"y":0},"t":64,"s":[{"i":[[0,0],[-4.643,2.773]],"o":[[0,0],[0,0]],"v":[[-5.787,-0.463],[5.787,-1.387]],"c":false}]},{"i":{"x":0.667,"y":1},"o":{"x":0.333,"y":0},"t":84,"s":[{"i":[[0,0],[-4.643,2.773]],"o":[[0,0],[0,0]],"v":[[-5.787,-0.463],[5.787,-1.387]],"c":false}]},{"i":{"x":0.667,"y":1},"o":{"x":0.333,"y":0},"t":113,"s":[{"i":[[0,0],[-6.278,5.998]],"o":[[0,0],[0,0]],"v":[[-5.845,-2.466],[5.142,-2.959]],"c":false}]},{"t":141,"s":[{"i":[[0,0],[-4.643,2.773]],"o":[[0,0],[0,0]],"v":[[-5.787,-0.463],[5.787,-1.387]],"c":false}]}],"ix":2},"nm":"Path 1","mn":"ADBE Vector Shape - Group","hd":false},{"ty":"st","c":{"a":0,"k":[0.149000010771,0.195999998205,0.219999994016,1],"ix":3},"o":{"a":0,"k":100,"ix":4},"w":{"a":0,"k":1,"ix":5},"lc":2,"lj":2,"bm":0,"nm":"Stroke 1","mn":"ADBE Vector Graphic - Stroke","hd":false},{"ty":"fl","c":{"a":0,"k":[1,1,1,1],"ix":4},"o":{"a":0,"k":100,"ix":5},"r":1,"bm":0,"nm":"Fill 1","mn":"ADBE Vector Graphic - Fill","hd":false},{"ty":"tr","p":{"a":0,"k":[6.787,2.387],"ix":2},"a":{"a":0,"k":[0,0],"ix":1},"s":{"a":0,"k":[100,100],"ix":3},"r":{"a":0,"k":0,"ix":6},"o":{"a":0,"k":100,"ix":7},"sk":{"a":0,"k":0,"ix":4},"sa":{"a":0,"k":0,"ix":5},"nm":"Transform"}],"nm":"Group 1","np":3,"cix":2,"bm":0,"ix":1,"mn":"ADBE Vector Group","hd":false}],"ip":0,"op":182,"st":0,"bm":0},{"ddd":0,"ind":4,"ty":4,"nm":"бровь 2 Outlines","parent":9,"sr":1,"ks":{"o":{"a":0,"k":100,"ix":11},"r":{"a":0,"k":0,"ix":10},"p":{"a":0,"k":[70.296,59.623,0],"ix":2},"a":{"a":0,"k":[10.582,4.104,0],"ix":1},"s":{"a":0,"k":[100,100,100],"ix":6}},"ao":0,"shapes":[{"ty":"gr","it":[{"ind":0,"ty":"sh","ix":1,"ks":{"a":1,"k":[{"i":{"x":0.667,"y":1},"o":{"x":0.333,"y":0},"t":7,"s":[{"i":[[0,0],[-8.548,1.053]],"o":[[9.366,-1.844],[0,0]],"v":[[-7.832,3.854],[8.582,1.458]],"c":false}]},{"i":{"x":0.667,"y":1},"o":{"x":0.333,"y":0},"t":36,"s":[{"i":[[0,0],[-5.86,-1.437]],"o":[[5.11,-3.209],[0,0]],"v":[[-8.582,2.104],[8.582,-0.667]],"c":false}]},{"i":{"x":0.667,"y":1},"o":{"x":0.333,"y":0},"t":64,"s":[{"i":[[0,0],[-8.548,1.053]],"o":[[9.366,-1.844],[0,0]],"v":[[-7.832,3.854],[8.582,1.458]],"c":false}]},{"i":{"x":0.667,"y":1},"o":{"x":0.333,"y":0},"t":84,"s":[{"i":[[0,0],[-8.548,1.053]],"o":[[9.366,-1.844],[0,0]],"v":[[-7.832,3.854],[8.582,1.458]],"c":false}]},{"i":{"x":0.667,"y":1},"o":{"x":0.333,"y":0},"t":113,"s":[{"i":[[0,0],[-5.86,-1.437]],"o":[[5.11,-3.209],[0,0]],"v":[[-8.582,2.104],[8.582,-0.667]],"c":false}]},{"t":141,"s":[{"i":[[0,0],[-8.548,1.053]],"o":[[9.366,-1.844],[0,0]],"v":[[-7.832,3.854],[8.582,1.458]],"c":false}]}],"ix":2},"nm":"Path 1","mn":"ADBE Vector Shape - Group","hd":false},{"ty":"st","c":{"a":0,"k":[0.149000010771,0.195999998205,0.219999994016,1],"ix":3},"o":{"a":0,"k":100,"ix":4},"w":{"a":0,"k":2,"ix":5},"lc":2,"lj":2,"bm":0,"nm":"Stroke 1","mn":"ADBE Vector Graphic - Stroke","hd":false},{"ty":"fl","c":{"a":0,"k":[1,1,1,1],"ix":4},"o":{"a":0,"k":100,"ix":5},"r":1,"bm":0,"nm":"Fill 1","mn":"ADBE Vector Graphic - Fill","hd":false},{"ty":"tr","p":{"a":0,"k":[10.582,4.105],"ix":2},"a":{"a":0,"k":[0,0],"ix":1},"s":{"a":0,"k":[100,100],"ix":3},"r":{"a":0,"k":0,"ix":6},"o":{"a":0,"k":100,"ix":7},"sk":{"a":0,"k":0,"ix":4},"sa":{"a":0,"k":0,"ix":5},"nm":"Transform"}],"nm":"Group 1","np":3,"cix":2,"bm":0,"ix":1,"mn":"ADBE Vector Group","hd":false}],"ip":0,"op":182,"st":0,"bm":0},{"ddd":0,"ind":5,"ty":4,"nm":"бровь 1 Outlines","parent":9,"sr":1,"ks":{"o":{"a":0,"k":100,"ix":11},"r":{"a":0,"k":0,"ix":10},"p":{"a":0,"k":[39.697,62.894,0],"ix":2},"a":{"a":0,"k":[9.185,3.629,0],"ix":1},"s":{"a":0,"k":[100,100,100],"ix":6}},"ao":0,"shapes":[{"ty":"gr","it":[{"ind":0,"ty":"sh","ix":1,"ks":{"a":1,"k":[{"i":{"x":0.667,"y":1},"o":{"x":0.333,"y":0},"t":7,"s":[{"i":[[0,0],[7.068,-0.464]],"o":[[0,0],[0,0]],"v":[[7.185,2.503],[-7.185,2.955]],"c":false}]},{"i":{"x":0.667,"y":1},"o":{"x":0.333,"y":0},"t":36,"s":[{"i":[[0,0],[6.03,-2.333]],"o":[[0,0],[0,0]],"v":[[7.185,1.628],[-7.185,0.705]],"c":false}]},{"i":{"x":0.667,"y":1},"o":{"x":0.333,"y":0},"t":64,"s":[{"i":[[0,0],[7.068,-0.464]],"o":[[0,0],[0,0]],"v":[[7.185,2.503],[-7.185,2.955]],"c":false}]},{"i":{"x":0.667,"y":1},"o":{"x":0.333,"y":0},"t":84,"s":[{"i":[[0,0],[7.068,-0.464]],"o":[[0,0],[0,0]],"v":[[7.185,2.503],[-7.185,2.955]],"c":false}]},{"i":{"x":0.667,"y":1},"o":{"x":0.333,"y":0},"t":113,"s":[{"i":[[0,0],[6.03,-2.333]],"o":[[0,0],[0,0]],"v":[[7.185,1.628],[-7.185,0.705]],"c":false}]},{"t":141,"s":[{"i":[[0,0],[7.068,-0.464]],"o":[[0,0],[0,0]],"v":[[7.185,2.503],[-7.185,2.955]],"c":false}]}],"ix":2},"nm":"Path 1","mn":"ADBE Vector Shape - Group","hd":false},{"ty":"st","c":{"a":0,"k":[0.149000010771,0.195999998205,0.219999994016,1],"ix":3},"o":{"a":0,"k":100,"ix":4},"w":{"a":0,"k":2,"ix":5},"lc":2,"lj":2,"bm":0,"nm":"Stroke 1","mn":"ADBE Vector Graphic - Stroke","hd":false},{"ty":"fl","c":{"a":0,"k":[1,1,1,1],"ix":4},"o":{"a":0,"k":100,"ix":5},"r":1,"bm":0,"nm":"Fill 1","mn":"ADBE Vector Graphic - Fill","hd":false},{"ty":"tr","p":{"a":0,"k":[9.185,3.628],"ix":2},"a":{"a":0,"k":[0,0],"ix":1},"s":{"a":0,"k":[100,100],"ix":3},"r":{"a":0,"k":0,"ix":6},"o":{"a":0,"k":100,"ix":7},"sk":{"a":0,"k":0,"ix":4},"sa":{"a":0,"k":0,"ix":5},"nm":"Transform"}],"nm":"Group 1","np":3,"cix":2,"bm":0,"ix":1,"mn":"ADBE Vector Group","hd":false}],"ip":0,"op":182,"st":0,"bm":0},{"ddd":0,"ind":6,"ty":4,"nm":"рот Outlines","parent":9,"sr":1,"ks":{"o":{"a":0,"k":100,"ix":11},"r":{"a":0,"k":0,"ix":10},"p":{"a":0,"k":[61.714,102.962,0],"ix":2},"a":{"a":0,"k":[7.954,2.359,0],"ix":1},"s":{"a":0,"k":[100,100,100],"ix":6}},"ao":0,"shapes":[{"ty":"gr","it":[{"ind":0,"ty":"sh","ix":1,"ks":{"a":1,"k":[{"i":{"x":0.667,"y":1},"o":{"x":0.333,"y":0},"t":7,"s":[{"i":[[0,0],[-4.289,2.222]],"o":[[4.643,1.332],[0,0]],"v":[[-6.954,0.027],[6.954,-1.359]],"c":false}]},{"i":{"x":0.667,"y":1},"o":{"x":0.333,"y":0},"t":36,"s":[{"i":[[0,0],[-4.763,4.129]],"o":[[6.033,4.407],[0,0]],"v":[[-7.305,-2.451],[6.693,-4.223]],"c":false}]},{"i":{"x":0.667,"y":1},"o":{"x":0.333,"y":0},"t":64,"s":[{"i":[[0,0],[-4.289,2.222]],"o":[[4.643,1.332],[0,0]],"v":[[-6.954,0.027],[6.954,-1.359]],"c":false}]},{"i":{"x":0.667,"y":1},"o":{"x":0.333,"y":0},"t":84,"s":[{"i":[[0,0],[-4.289,2.222]],"o":[[4.643,1.332],[0,0]],"v":[[-6.954,0.027],[6.954,-1.359]],"c":false}]},{"i":{"x":0.667,"y":1},"o":{"x":0.333,"y":0},"t":113,"s":[{"i":[[0,0],[-4.763,4.129]],"o":[[6.033,4.407],[0,0]],"v":[[-7.305,-2.451],[6.693,-4.223]],"c":false}]},{"t":141,"s":[{"i":[[0,0],[-4.289,2.222]],"o":[[4.643,1.332],[0,0]],"v":[[-6.954,0.027],[6.954,-1.359]],"c":false}]}],"ix":2},"nm":"Path 1","mn":"ADBE Vector Shape - Group","hd":false},{"ty":"st","c":{"a":0,"k":[1,1,1,1],"ix":3},"o":{"a":0,"k":100,"ix":4},"w":{"a":0,"k":1,"ix":5},"lc":2,"lj":2,"bm":0,"nm":"Stroke 1","mn":"ADBE Vector Graphic - Stroke","hd":false},{"ty":"tr","p":{"a":0,"k":[7.954,2.36],"ix":2},"a":{"a":0,"k":[0,0],"ix":1},"s":{"a":0,"k":[100,100],"ix":3},"r":{"a":0,"k":0,"ix":6},"o":{"a":0,"k":100,"ix":7},"sk":{"a":0,"k":0,"ix":4},"sa":{"a":0,"k":0,"ix":5},"nm":"Transform"}],"nm":"Group 1","np":2,"cix":2,"bm":0,"ix":1,"mn":"ADBE Vector Group","hd":false}],"ip":0,"op":182,"st":0,"bm":0},{"ddd":0,"ind":7,"ty":4,"nm":"нос Outlines","parent":9,"sr":1,"ks":{"o":{"a":0,"k":100,"ix":11},"r":{"a":0,"k":0,"ix":10},"p":{"a":0,"k":[57.323,82.37,0],"ix":2},"a":{"a":0,"k":[7.723,12.817,0],"ix":1},"s":{"a":0,"k":[100,100,100],"ix":6}},"ao":0,"shapes":[{"ty":"gr","it":[{"ind":0,"ty":"sh","ix":1,"ks":{"a":1,"k":[{"i":{"x":0.667,"y":1},"o":{"x":0.333,"y":0},"t":7,"s":[{"i":[[0,0],[-1.386,-2.773],[-1.798,-0.102],[0,0]],"o":[[0,0],[0.782,1.623],[0,0],[0,0]],"v":[[-6.723,-11.817],[-3.488,9.022],[0.693,11.817],[6.723,5.787]],"c":false}]},{"i":{"x":0.667,"y":1},"o":{"x":0.333,"y":0},"t":36,"s":[{"i":[[0,0],[-1.15,-4.093],[-1.798,-0.102],[0,0]],"o":[[0,0],[0.782,1.623],[0,0],[0,0]],"v":[[-3.702,-13.097],[-4.236,6.329],[0.307,8.965],[7.028,3.625]],"c":false}]},{"i":{"x":0.667,"y":1},"o":{"x":0.333,"y":0},"t":64,"s":[{"i":[[0,0],[-1.386,-2.773],[-1.798,-0.102],[0,0]],"o":[[0,0],[0.782,1.623],[0,0],[0,0]],"v":[[-6.723,-11.817],[-3.488,9.022],[0.693,11.817],[6.723,5.787]],"c":false}]},{"i":{"x":0.667,"y":1},"o":{"x":0.333,"y":0},"t":84,"s":[{"i":[[0,0],[-1.386,-2.773],[-1.798,-0.102],[0,0]],"o":[[0,0],[0.782,1.623],[0,0],[0,0]],"v":[[-6.723,-11.817],[-3.488,9.022],[0.693,11.817],[6.723,5.787]],"c":false}]},{"i":{"x":0.667,"y":1},"o":{"x":0.333,"y":0},"t":113,"s":[{"i":[[0,0],[-1.15,-4.093],[-1.798,-0.102],[0,0]],"o":[[0,0],[0.782,1.623],[0,0],[0,0]],"v":[[-3.702,-13.097],[-4.236,6.329],[0.307,8.965],[7.028,3.625]],"c":false}]},{"t":141,"s":[{"i":[[0,0],[-1.386,-2.773],[-1.798,-0.102],[0,0]],"o":[[0,0],[0.782,1.623],[0,0],[0,0]],"v":[[-6.723,-11.817],[-3.488,9.022],[0.693,11.817],[6.723,5.787]],"c":false}]}],"ix":2},"nm":"Path 1","mn":"ADBE Vector Shape - Group","hd":false},{"ty":"st","c":{"a":0,"k":[0.149000010771,0.195999998205,0.219999994016,1],"ix":3},"o":{"a":0,"k":100,"ix":4},"w":{"a":0,"k":1,"ix":5},"lc":2,"lj":2,"bm":0,"nm":"Stroke 1","mn":"ADBE Vector Graphic - Stroke","hd":false},{"ty":"fl","c":{"a":0,"k":[1,1,1,1],"ix":4},"o":{"a":0,"k":100,"ix":5},"r":1,"bm":0,"nm":"Fill 1","mn":"ADBE Vector Graphic - Fill","hd":false},{"ty":"tr","p":{"a":0,"k":[7.723,12.817],"ix":2},"a":{"a":0,"k":[0,0],"ix":1},"s":{"a":0,"k":[100,100],"ix":3},"r":{"a":0,"k":0,"ix":6},"o":{"a":0,"k":100,"ix":7},"sk":{"a":0,"k":0,"ix":4},"sa":{"a":0,"k":0,"ix":5},"nm":"Transform"}],"nm":"Group 1","np":3,"cix":2,"bm":0,"ix":1,"mn":"ADBE Vector Group","hd":false}],"ip":0,"op":182,"st":0,"bm":0},{"ddd":0,"ind":8,"ty":4,"nm":"голова Outlines","parent":19,"sr":1,"ks":{"o":{"a":0,"k":100,"ix":11},"r":{"a":1,"k":[{"i":{"x":[0.667],"y":[1]},"o":{"x":[0.333],"y":[0]},"t":7,"s":[0]},{"i":{"x":[0.667],"y":[1]},"o":{"x":[0.333],"y":[0]},"t":36,"s":[4]},{"i":{"x":[0.667],"y":[1]},"o":{"x":[0.333],"y":[0]},"t":64,"s":[0]},{"i":{"x":[0.667],"y":[1]},"o":{"x":[0.333],"y":[0]},"t":84,"s":[0]},{"i":{"x":[0.667],"y":[1]},"o":{"x":[0.333],"y":[0]},"t":113,"s":[4]},{"t":141,"s":[0]}],"ix":10},"p":{"a":0,"k":[132.017,18.302,0],"ix":2},"a":{"a":0,"k":[65.956,128.631,0],"ix":1},"s":{"a":0,"k":[100,100,100],"ix":6}},"ao":0,"shapes":[{"ty":"gr","it":[{"ind":0,"ty":"sh","ix":1,"ks":{"a":0,"k":{"i":[[0,0],[-3.257,-5.545],[2.311,-5.105],[0,0]],"o":[[0,0],[3.257,5.546],[-2.31,5.106],[0,0]],"v":[[-5.567,-8.109],[2.31,-9.518],[0.461,9.495],[-5.106,15.063]],"c":true},"ix":2},"nm":"Path 1","mn":"ADBE Vector Shape - Group","hd":false},{"ty":"st","c":{"a":0,"k":[0.149000010771,0.195999998205,0.219999994016,1],"ix":3},"o":{"a":0,"k":100,"ix":4},"w":{"a":0,"k":1,"ix":5},"lc":2,"lj":2,"bm":0,"nm":"Stroke 1","mn":"ADBE Vector Graphic - Stroke","hd":false},{"ty":"fl","c":{"a":0,"k":[1,1,1,1],"ix":4},"o":{"a":0,"k":100,"ix":5},"r":1,"bm":0,"nm":"Fill 1","mn":"ADBE Vector Graphic - Fill","hd":false},{"ty":"tr","p":{"a":0,"k":[99.344,64.754],"ix":2},"a":{"a":0,"k":[0,0],"ix":1},"s":{"a":0,"k":[100,100],"ix":3},"r":{"a":0,"k":0,"ix":6},"o":{"a":0,"k":100,"ix":7},"sk":{"a":0,"k":0,"ix":4},"sa":{"a":0,"k":0,"ix":5},"nm":"Transform"}],"nm":"Group 1","np":3,"cix":2,"bm":0,"ix":1,"mn":"ADBE Vector Group","hd":false},{"ty":"gr","it":[{"ind":0,"ty":"sh","ix":1,"ks":{"a":0,"k":{"i":[[0,0],[0.925,-10.651],[0,0]],"o":[[0,0],[-0.924,10.651],[0,0]],"v":[[3.236,-6.943],[-5.106,-2.783],[6.029,13.434]],"c":true},"ix":2},"nm":"Path 1","mn":"ADBE Vector Shape - Group","hd":false},{"ty":"st","c":{"a":0,"k":[0.149000010771,0.195999998205,0.219999994016,1],"ix":3},"o":{"a":0,"k":100,"ix":4},"w":{"a":0,"k":1,"ix":5},"lc":2,"lj":2,"bm":0,"nm":"Stroke 1","mn":"ADBE Vector Graphic - Stroke","hd":false},{"ty":"fl","c":{"a":0,"k":[1,1,1,1],"ix":4},"o":{"a":0,"k":100,"ix":5},"r":1,"bm":0,"nm":"Fill 1","mn":"ADBE Vector Graphic - Fill","hd":false},{"ty":"tr","p":{"a":0,"k":[22.323,70.079],"ix":2},"a":{"a":0,"k":[0,0],"ix":1},"s":{"a":0,"k":[100,100],"ix":3},"r":{"a":0,"k":0,"ix":6},"o":{"a":0,"k":100,"ix":7},"sk":{"a":0,"k":0,"ix":4},"sa":{"a":0,"k":0,"ix":5},"nm":"Transform"}],"nm":"Group 2","np":3,"cix":2,"bm":0,"ix":2,"mn":"ADBE Vector Group","hd":false},{"ty":"gr","it":[{"ind":0,"ty":"sh","ix":1,"ks":{"a":0,"k":{"i":[[0.108,2.683],[14.37,-7.878],[9.265,6.03],[-2.772,0.463],[0,0],[-2.332,4.182],[0,0],[-18.088,2.311],[-10.918,-5.337],[0,0],[-0.692,-3.915],[0,0],[0,-6.954],[9.265,-4.643],[6.043,3.412],[3.718,5.568],[0,0],[-1.409,-2.31],[-2.311,1.848],[-3.698,-0.462],[-1.849,0.946],[-4.27,0],[-3.433,-1.234],[-0.925,7.878],[1.387,1.76],[0.997,2.776]],"o":[[0,0],[-14.37,7.878],[-9.265,-6.029],[2.773,-0.462],[0,0],[2.333,-4.181],[0,0],[12.072,-1.4],[4.642,1.849],[2.907,2.713],[0.462,5.546],[0,0],[0,6.954],[-6.043,3.412],[-3.698,-1.848],[-3.719,-5.567],[0,0],[1.408,2.311],[2.31,-1.848],[3.696,0.462],[1.848,-0.946],[3.636,0.3],[0,0],[0.924,-7.877],[-2.061,-2.11],[-0.871,-2.541]],"v":[[32.679,-33.453],[9.968,-9.819],[-34.99,-8.895],[-45.662,-24.189],[-36.859,-25.113],[-36.377,-38.097],[-30.831,-41.331],[-0.683,-61.731],[34.528,-55.701],[42.426,-46.899],[47.972,-36.688],[44.275,-13.516],[44.737,29.131],[23.414,59.719],[3.94,59.719],[-18.309,37.471],[-22.007,10.118],[-15.052,32.828],[-9.969,27.745],[4.401,27.261],[12.742,27.261],[28.145,21.253],[38.795,23.564],[39.721,-0.995],[38.795,-18.159],[34.154,-25.575]],"c":true},"ix":2},"nm":"Path 1","mn":"ADBE Vector Shape - Group","hd":false},{"ty":"st","c":{"a":0,"k":[0.149000010771,0.195999998205,0.219999994016,1],"ix":3},"o":{"a":0,"k":100,"ix":4},"w":{"a":0,"k":1,"ix":5},"lc":2,"lj":2,"bm":0,"nm":"Stroke 1","mn":"ADBE Vector Graphic - Stroke","hd":false},{"ty":"fl","c":{"a":0,"k":[0.149000010771,0.195999998205,0.219999994016,1],"ix":4},"o":{"a":0,"k":100,"ix":5},"r":1,"bm":0,"nm":"Fill 1","mn":"ADBE Vector Graphic - Fill","hd":false},{"ty":"tr","p":{"a":0,"k":[49.435,64.131],"ix":2},"a":{"a":0,"k":[0,0],"ix":1},"s":{"a":0,"k":[100,100],"ix":3},"r":{"a":0,"k":0,"ix":6},"o":{"a":0,"k":100,"ix":7},"sk":{"a":0,"k":0,"ix":4},"sa":{"a":0,"k":0,"ix":5},"nm":"Transform"}],"nm":"Group 3","np":3,"cix":2,"bm":0,"ix":3,"mn":"ADBE Vector Group","hd":false},{"ty":"gr","it":[{"ind":0,"ty":"sh","ix":1,"ks":{"a":0,"k":{"i":[[0,0],[-1.848,-11.157],[-6.733,-5.529],[-7.416,0],[-1.849,2.443],[-0.924,5.083],[0,3.719],[0,0],[4.643,8.34],[21.874,-4.181],[0,-4.159]],"o":[[0,0],[1.659,8.552],[4.159,3.697],[7.416,0],[1.848,-2.443],[0.925,-5.083],[0,-3.719],[0,0],[-4.643,-8.34],[-21.874,4.181],[0,4.159]],"v":[[-35.187,-24.053],[-28.696,22.314],[-15.712,44.1],[3.741,54.751],[20.444,48.149],[35.275,22.204],[35.275,-3.301],[34.351,-24.624],[29.708,-45.949],[-12.103,-50.569],[-36.2,-38.07]],"c":true},"ix":2},"nm":"Path 1","mn":"ADBE Vector Shape - Group","hd":false},{"ty":"st","c":{"a":0,"k":[0.149000010771,0.195999998205,0.219999994016,1],"ix":3},"o":{"a":0,"k":100,"ix":4},"w":{"a":0,"k":1,"ix":5},"lc":2,"lj":2,"bm":0,"nm":"Stroke 1","mn":"ADBE Vector Graphic - Stroke","hd":false},{"ty":"fl","c":{"a":0,"k":[1,1,1,1],"ix":4},"o":{"a":0,"k":100,"ix":5},"r":1,"bm":0,"nm":"Fill 1","mn":"ADBE Vector Graphic - Fill","hd":false},{"ty":"tr","p":{"a":0,"k":[58.897,70.949],"ix":2},"a":{"a":0,"k":[0,0],"ix":1},"s":{"a":0,"k":[100,100],"ix":3},"r":{"a":0,"k":0,"ix":6},"o":{"a":0,"k":100,"ix":7},"sk":{"a":0,"k":0,"ix":4},"sa":{"a":0,"k":0,"ix":5},"nm":"Transform"}],"nm":"Group 4","np":3,"cix":2,"bm":0,"ix":4,"mn":"ADBE Vector Group","hd":false}],"ip":0,"op":182,"st":0,"bm":0},{"ddd":0,"ind":9,"ty":3,"nm":"голова","parent":19,"sr":1,"ks":{"o":{"a":0,"k":100,"ix":11},"r":{"a":1,"k":[{"i":{"x":[0.667],"y":[1]},"o":{"x":[0.333],"y":[0]},"t":7,"s":[0]},{"i":{"x":[0.667],"y":[1]},"o":{"x":[0.333],"y":[0]},"t":36,"s":[4]},{"i":{"x":[0.667],"y":[1]},"o":{"x":[0.333],"y":[0]},"t":64,"s":[0]},{"i":{"x":[0.667],"y":[1]},"o":{"x":[0.333],"y":[0]},"t":84,"s":[0]},{"i":{"x":[0.667],"y":[1]},"o":{"x":[0.333],"y":[0]},"t":113,"s":[4]},{"t":141,"s":[0]}],"ix":10},"p":{"a":0,"k":[132.017,18.302,0],"ix":2},"a":{"a":0,"k":[65.956,128.631,0],"ix":1},"s":{"a":0,"k":[100,100,100],"ix":6}},"ao":0,"ip":0,"op":182,"st":0,"bm":0},{"ddd":0,"ind":10,"ty":4,"nm":"рука 2 Outlines","parent":19,"sr":1,"ks":{"o":{"a":0,"k":100,"ix":11},"r":{"a":1,"k":[{"i":{"x":[0.667],"y":[1]},"o":{"x":[0.333],"y":[0]},"t":3,"s":[0]},{"i":{"x":[0.667],"y":[1]},"o":{"x":[0.333],"y":[0]},"t":28,"s":[7]},{"i":{"x":[0.667],"y":[1]},"o":{"x":[0.333],"y":[0]},"t":55,"s":[0]},{"i":{"x":[0.667],"y":[1]},"o":{"x":[0.333],"y":[0]},"t":94,"s":[0]},{"i":{"x":[0.667],"y":[1]},"o":{"x":[0.333],"y":[0]},"t":119,"s":[7]},{"t":146,"s":[0]}],"ix":10},"p":{"a":0,"k":[28.917,175.555,0],"ix":2},"a":{"a":0,"k":[24.076,41.8,0],"ix":1},"s":{"a":0,"k":[100,100,100],"ix":6}},"ao":0,"shapes":[{"ty":"gr","it":[{"ind":0,"ty":"sh","ix":1,"ks":{"a":0,"k":{"i":[[0,0],[1.606,0],[0,0]],"o":[[0,0],[-1.607,0],[0,0]],"v":[[16.538,-3.719],[3.929,1.518],[-16.538,3.719]],"c":false},"ix":2},"nm":"Path 1","mn":"ADBE Vector Shape - Group","hd":false},{"ty":"st","c":{"a":0,"k":[0.149000010771,0.195999998205,0.219999994016,1],"ix":3},"o":{"a":0,"k":100,"ix":4},"w":{"a":0,"k":1,"ix":5},"lc":2,"lj":2,"bm":0,"nm":"Stroke 1","mn":"ADBE Vector Graphic - Stroke","hd":false},{"ty":"tr","p":{"a":0,"k":[125.96,41.18],"ix":2},"a":{"a":0,"k":[0,0],"ix":1},"s":{"a":0,"k":[100,100],"ix":3},"r":{"a":0,"k":0,"ix":6},"o":{"a":0,"k":100,"ix":7},"sk":{"a":0,"k":0,"ix":4},"sa":{"a":0,"k":0,"ix":5},"nm":"Transform"}],"nm":"Group 1","np":2,"cix":2,"bm":0,"ix":1,"mn":"ADBE Vector Group","hd":false},{"ty":"gr","it":[{"ind":0,"ty":"sh","ix":1,"ks":{"a":0,"k":{"i":[[5.304,-0.594],[0,0],[-4.775,2.135],[0,0],[2.898,-1.029],[0,0],[0,0],[-0.223,3.287],[2.575,-1.078],[0.549,-2.112],[0,0],[0,0],[0,0],[-1.247,-3.629],[-0.78,-1.768],[0,0],[0,0],[0,0],[-3.191,1.078],[0,0],[-0.528,1.584]],"o":[[-5.325,0.528],[0,0],[4.776,-2.134],[-3.076,0.021],[-3.741,1.606],[0,0],[1.234,-3.054],[0,-4.247],[-2.574,1.078],[-0.551,2.113],[0,0],[0,0],[-1.047,3.692],[0.597,1.838],[0,0],[0,0],[0,0],[5.325,0],[0,0],[3.191,-1.056],[0.528,-1.585]],"v":[[31.453,3.136],[9.644,4.192],[29.318,-3.774],[32.509,-8.021],[23.486,-6.436],[-16.916,-0.055],[-21.186,-3.774],[-18.986,-13.346],[-23.76,-19.706],[-28.029,-10.156],[-31.197,0.473],[-32.276,5.27],[-37.887,4.126],[-37.579,15.371],[-35.512,20.784],[-34.939,20.675],[-20.04,18.034],[-8.378,18.034],[15.014,16.956],[27.777,12.708],[38.407,5.799]],"c":true},"ix":2},"nm":"Path 1","mn":"ADBE Vector Shape - Group","hd":false},{"ty":"st","c":{"a":0,"k":[0.149000010771,0.195999998205,0.219999994016,1],"ix":3},"o":{"a":0,"k":100,"ix":4},"w":{"a":0,"k":1,"ix":5},"lc":2,"lj":2,"bm":0,"nm":"Stroke 1","mn":"ADBE Vector Graphic - Stroke","hd":false},{"ty":"fl","c":{"a":0,"k":[1,1,1,1],"ix":4},"o":{"a":0,"k":100,"ix":5},"r":1,"bm":0,"nm":"Fill 1","mn":"ADBE Vector Graphic - Fill","hd":false},{"ty":"tr","p":{"a":0,"k":[106.16,30.891],"ix":2},"a":{"a":0,"k":[0,0],"ix":1},"s":{"a":0,"k":[100,100],"ix":3},"r":{"a":0,"k":0,"ix":6},"o":{"a":0,"k":100,"ix":7},"sk":{"a":0,"k":0,"ix":4},"sa":{"a":0,"k":0,"ix":5},"nm":"Transform"}],"nm":"Group 2","np":3,"cix":2,"bm":0,"ix":2,"mn":"ADBE Vector Group","hd":false},{"ty":"gr","it":[{"ind":0,"ty":"sh","ix":1,"ks":{"a":0,"k":{"i":[[-0.235,-0.482],[0,0],[-1.347,-0.024],[0,0],[-0.022,1.969],[0.162,0.42],[0,0],[1.454,-0.019],[0,0],[-0.008,-1.969]],"o":[[0,0],[0.6,1.207],[0,0],[1.969,0.022],[0.005,-0.449],[0,0],[-0.551,-1.346],[0,0],[-1.968,0.007],[0.002,0.537]],"v":[[-40.801,-15.175],[-24.606,17.702],[-21.436,19.704],[37.56,20.298],[41.164,16.772],[40.927,15.457],[28.055,-18.101],[24.732,-20.301],[-37.612,-20.301],[-41.161,-16.723]],"c":true},"ix":2},"nm":"Path 1","mn":"ADBE Vector Shape - Group","hd":false},{"ty":"st","c":{"a":0,"k":[0.149000010771,0.195999998205,0.219999994016,1],"ix":3},"o":{"a":0,"k":100,"ix":4},"w":{"a":0,"k":1,"ix":5},"lc":2,"lj":2,"bm":0,"nm":"Stroke 1","mn":"ADBE Vector Graphic - Stroke","hd":false},{"ty":"fl","c":{"a":0,"k":[0.184000007779,0.611999990426,0.929000016755,1],"ix":4},"o":{"a":0,"k":100,"ix":5},"r":1,"bm":0,"nm":"Fill 1","mn":"ADBE Vector Graphic - Fill","hd":false},{"ty":"tr","p":{"a":0,"k":[106.983,21.321],"ix":2},"a":{"a":0,"k":[0,0],"ix":1},"s":{"a":0,"k":[100,100],"ix":3},"r":{"a":0,"k":0,"ix":6},"o":{"a":0,"k":100,"ix":7},"sk":{"a":0,"k":0,"ix":4},"sa":{"a":0,"k":0,"ix":5},"nm":"Transform"}],"nm":"Group 3","np":3,"cix":2,"bm":0,"ix":3,"mn":"ADBE Vector Group","hd":false},{"ty":"gr","it":[{"ind":0,"ty":"sh","ix":1,"ks":{"a":0,"k":{"i":[[0,0],[-4.247,-4.952]],"o":[[0,0],[0,0]],"v":[[1.42,-6.382],[2.124,6.382]],"c":false},"ix":2},"nm":"Path 1","mn":"ADBE Vector Shape - Group","hd":false},{"ty":"st","c":{"a":0,"k":[0.149000010771,0.195999998205,0.219999994016,1],"ix":3},"o":{"a":0,"k":100,"ix":4},"w":{"a":0,"k":1,"ix":5},"lc":2,"lj":2,"bm":0,"nm":"Stroke 1","mn":"ADBE Vector Graphic - Stroke","hd":false},{"ty":"tr","p":{"a":0,"k":[57.17,40.519],"ix":2},"a":{"a":0,"k":[0,0],"ix":1},"s":{"a":0,"k":[100,100],"ix":3},"r":{"a":0,"k":0,"ix":6},"o":{"a":0,"k":100,"ix":7},"sk":{"a":0,"k":0,"ix":4},"sa":{"a":0,"k":0,"ix":5},"nm":"Transform"}],"nm":"Group 4","np":2,"cix":2,"bm":0,"ix":4,"mn":"ADBE Vector Group","hd":false},{"ty":"gr","it":[{"ind":0,"ty":"sh","ix":1,"ks":{"a":0,"k":{"i":[[0,0],[0.529,-1.606],[-8.494,2.112],[-5.722,1.078],[0,0],[0,0],[-3.191,1.079],[0,0],[-0.528,1.584],[5.304,-0.528],[0,0],[-4.775,2.135],[0,0],[2.898,-1.028],[0,0],[0,0],[-0.224,3.287],[2.575,-1.078],[0.55,-2.112],[0,0],[0,0],[6.382,2.662],[2.112,-0.528],[1.057,-2.664]],"o":[[0,0],[-0.528,1.607],[8.494,-2.113],[0,0],[0,0],[5.325,0],[0,0],[3.191,-1.056],[0.529,-1.585],[-5.304,0.528],[0,0],[4.776,-2.134],[-3.075,0.021],[-3.741,1.607],[0,0],[1.234,-3.055],[0,-4.248],[-2.574,1.078],[-0.551,2.113],[0,0],[0,0],[-6.382,-2.663],[-2.114,0.528],[0,0]],"v":[[-61.946,-9.298],[-71.52,14.095],[-61.418,23.668],[-2.002,15.68],[12.895,13.039],[24.734,13.039],[48.127,11.96],[60.889,7.712],[71.519,0.803],[64.608,-1.859],[42.801,-0.803],[62.473,-8.77],[65.665,-13.017],[56.643,-11.432],[16.239,-5.051],[11.971,-8.77],[14.171,-18.341],[9.395,-24.702],[5.128,-15.151],[1.959,-4.522],[0.881,0.275],[-27.287,-6.634],[-49.072,-12.488],[-56.511,-3.444]],"c":false},"ix":2},"nm":"Path 1","mn":"ADBE Vector Shape - Group","hd":false},{"ty":"st","c":{"a":0,"k":[0.149000010771,0.195999998205,0.219999994016,1],"ix":3},"o":{"a":0,"k":100,"ix":4},"w":{"a":0,"k":1,"ix":5},"lc":2,"lj":2,"bm":0,"nm":"Stroke 1","mn":"ADBE Vector Graphic - Stroke","hd":false},{"ty":"fl","c":{"a":0,"k":[1,1,1,1],"ix":4},"o":{"a":0,"k":100,"ix":5},"r":1,"bm":0,"nm":"Fill 1","mn":"ADBE Vector Graphic - Fill","hd":false},{"ty":"tr","p":{"a":0,"k":[73.047,35.821],"ix":2},"a":{"a":0,"k":[0,0],"ix":1},"s":{"a":0,"k":[100,100],"ix":3},"r":{"a":0,"k":0,"ix":6},"o":{"a":0,"k":100,"ix":7},"sk":{"a":0,"k":0,"ix":4},"sa":{"a":0,"k":0,"ix":5},"nm":"Transform"}],"nm":"Group 5","np":3,"cix":2,"bm":0,"ix":5,"mn":"ADBE Vector Group","hd":false}],"ip":0,"op":182,"st":0,"bm":0},{"ddd":0,"ind":12,"ty":4,"nm":"рука Outlines","parent":16,"sr":1,"ks":{"o":{"a":0,"k":100,"ix":11},"r":{"a":1,"k":[{"i":{"x":[0.667],"y":[1]},"o":{"x":[0.333],"y":[0]},"t":8,"s":[10]},{"i":{"x":[0.667],"y":[1]},"o":{"x":[0.333],"y":[0]},"t":37,"s":[-6]},{"i":{"x":[0.667],"y":[1]},"o":{"x":[0.333],"y":[0]},"t":64,"s":[10]},{"i":{"x":[0.667],"y":[1]},"o":{"x":[0.333],"y":[0]},"t":103,"s":[10]},{"i":{"x":[0.667],"y":[1]},"o":{"x":[0.333],"y":[0]},"t":132,"s":[-6]},{"t":159,"s":[10]}],"ix":10},"p":{"a":0,"k":[36.063,126.197,0],"ix":2},"a":{"a":0,"k":[131.128,51.043,0],"ix":1},"s":{"a":0,"k":[100,100,100],"ix":6}},"ao":0,"shapes":[{"ty":"gr","it":[{"ind":0,"ty":"sh","ix":1,"ks":{"a":0,"k":{"i":[[0,0],[3.041,-5.136]],"o":[[0.255,5.964],[0,0]],"v":[[2.008,-8.505],[-2.262,8.505]],"c":false},"ix":2},"nm":"Path 1","mn":"ADBE Vector Shape - Group","hd":false},{"ty":"st","c":{"a":0,"k":[0.149000010771,0.195999998205,0.219999994016,1],"ix":3},"o":{"a":0,"k":100,"ix":4},"w":{"a":0,"k":1,"ix":5},"lc":2,"lj":2,"bm":0,"nm":"Stroke 1","mn":"ADBE Vector Graphic - Stroke","hd":false},{"ty":"tr","p":{"a":0,"k":[79.358,48.276],"ix":2},"a":{"a":0,"k":[0,0],"ix":1},"s":{"a":0,"k":[100,100],"ix":3},"r":{"a":0,"k":0,"ix":6},"o":{"a":0,"k":100,"ix":7},"sk":{"a":0,"k":0,"ix":4},"sa":{"a":0,"k":0,"ix":5},"nm":"Transform"}],"nm":"Group 1","np":2,"cix":2,"bm":0,"ix":1,"mn":"ADBE Vector Group","hd":false},{"ty":"gr","it":[{"ind":0,"ty":"sh","ix":1,"ks":{"a":0,"k":{"i":[[0,0],[0.44,-5.326],[4.798,0],[13.546,2.46],[0,0],[0,0],[0,0],[0,0],[-4.731,0.429],[0,0]],"o":[[0,0],[-0.441,5.325],[-13.724,-1.088],[-14.876,-2.663],[0,0],[0,0],[0,0],[4.615,-1.124],[6.91,-0.528],[0,0]],"v":[[31.666,-20.477],[44.43,5.051],[35.913,22.061],[-5.018,16.736],[-29.994,13.017],[-44.87,8.77],[-34.77,-15.679],[-25.108,-13.676],[-11.069,-16.009],[18.903,-22.061]],"c":false},"ix":2},"nm":"Path 1","mn":"ADBE Vector Shape - Group","hd":false},{"ty":"st","c":{"a":0,"k":[0.149000010771,0.195999998205,0.219999994016,1],"ix":3},"o":{"a":0,"k":100,"ix":4},"w":{"a":0,"k":1,"ix":5},"lc":2,"lj":2,"bm":0,"nm":"Stroke 1","mn":"ADBE Vector Graphic - Stroke","hd":false},{"ty":"fl","c":{"a":0,"k":[1,1,1,1],"ix":4},"o":{"a":0,"k":100,"ix":5},"r":1,"bm":0,"nm":"Fill 1","mn":"ADBE Vector Graphic - Fill","hd":false},{"ty":"tr","p":{"a":0,"k":[106.386,51.026],"ix":2},"a":{"a":0,"k":[0,0],"ix":1},"s":{"a":0,"k":[100,100],"ix":3},"r":{"a":0,"k":0,"ix":6},"o":{"a":0,"k":100,"ix":7},"sk":{"a":0,"k":0,"ix":4},"sa":{"a":0,"k":0,"ix":5},"nm":"Transform"}],"nm":"Group 2","np":3,"cix":2,"bm":0,"ix":2,"mn":"ADBE Vector Group","hd":false},{"ty":"gr","it":[{"ind":0,"ty":"sh","ix":1,"ks":{"a":0,"k":{"i":[[0,0],[0.947,1.343],[0,1.761],[0,0]],"o":[[0,0],[-0.946,-1.342],[0,-3.191],[0,0]],"v":[[-1.54,11.96],[-3.345,9.649],[-3.52,4.148],[4.291,-11.96]],"c":false},"ix":2},"nm":"Path 1","mn":"ADBE Vector Shape - Group","hd":false},{"ty":"st","c":{"a":0,"k":[0.149000010771,0.195999998205,0.219999994016,1],"ix":3},"o":{"a":0,"k":100,"ix":4},"w":{"a":0,"k":1,"ix":5},"lc":2,"lj":2,"bm":0,"nm":"Stroke 1","mn":"ADBE Vector Graphic - Stroke","hd":false},{"ty":"tr","p":{"a":0,"k":[34.889,21.252],"ix":2},"a":{"a":0,"k":[0,0],"ix":1},"s":{"a":0,"k":[100,100],"ix":3},"r":{"a":0,"k":0,"ix":6},"o":{"a":0,"k":100,"ix":7},"sk":{"a":0,"k":0,"ix":4},"sa":{"a":0,"k":0,"ix":5},"nm":"Transform"}],"nm":"Group 3","np":2,"cix":2,"bm":0,"ix":3,"mn":"ADBE Vector Group","hd":false},{"ty":"gr","it":[{"ind":0,"ty":"sh","ix":1,"ks":{"a":0,"k":{"i":[[0,0],[-0.523,2.121],[-2.875,4.113]],"o":[[-0.865,-2.005],[2.43,-4.39],[0,0]],"v":[[-3.193,9.561],[-3.721,3.202],[4.244,-9.561]],"c":false},"ix":2},"nm":"Path 1","mn":"ADBE Vector Shape - Group","hd":false},{"ty":"st","c":{"a":0,"k":[0.149000010771,0.195999998205,0.219999994016,1],"ix":3},"o":{"a":0,"k":100,"ix":4},"w":{"a":0,"k":1,"ix":5},"lc":2,"lj":2,"bm":0,"nm":"Stroke 1","mn":"ADBE Vector Graphic - Stroke","hd":false},{"ty":"tr","p":{"a":0,"k":[41.317,25.169],"ix":2},"a":{"a":0,"k":[0,0],"ix":1},"s":{"a":0,"k":[100,100],"ix":3},"r":{"a":0,"k":0,"ix":6},"o":{"a":0,"k":100,"ix":7},"sk":{"a":0,"k":0,"ix":4},"sa":{"a":0,"k":0,"ix":5},"nm":"Transform"}],"nm":"Group 4","np":2,"cix":2,"bm":0,"ix":4,"mn":"ADBE Vector Group","hd":false},{"ty":"gr","it":[{"ind":0,"ty":"sh","ix":1,"ks":{"a":0,"k":{"i":[[0,0],[0,0],[-0.024,-1.43],[2.663,0],[2.369,1.527],[0,0],[0,0],[0,0],[2.667,-3.103],[0,0],[-2.134,2.662],[-3.352,2.833],[-2.115,-0.326],[-3.191,-2.134],[-1.217,-3.413],[-0.039,-1.255]],"o":[[0,0],[0.327,1.393],[0,2.201],[-2.817,0.093],[-2.201,-1.584],[0,0],[0,0],[-1.926,3.609],[-3.192,3.191],[0,0],[3.026,-3.179],[2.114,-0.326],[3.719,0.528],[2.94,2.119],[0.312,1.217],[0,0]],"v":[[17.979,5.915],[13.204,10.712],[13.732,14.959],[7.35,17.16],[-0.616,14.959],[-11.245,5.915],[-2.222,-10.017],[-10.1,-4.713],[-17.01,5.387],[-21.257,4.859],[-15.954,-7.904],[-6.381,-16.927],[0,-16.927],[14.348,-10.017],[20.73,-1.523],[21.257,2.196]],"c":false},"ix":2},"nm":"Path 1","mn":"ADBE Vector Shape - Group","hd":false},{"ty":"st","c":{"a":0,"k":[0.149000010771,0.195999998205,0.219999994016,1],"ix":3},"o":{"a":0,"k":100,"ix":4},"w":{"a":0,"k":1,"ix":5},"lc":2,"lj":2,"bm":0,"nm":"Stroke 1","mn":"ADBE Vector Graphic - Stroke","hd":false},{"ty":"fl","c":{"a":0,"k":[1,1,1,1],"ix":4},"o":{"a":0,"k":100,"ix":5},"r":1,"bm":0,"nm":"Fill 1","mn":"ADBE Vector Graphic - Fill","hd":false},{"ty":"tr","p":{"a":0,"k":[33.964,18.253],"ix":2},"a":{"a":0,"k":[0,0],"ix":1},"s":{"a":0,"k":[100,100],"ix":3},"r":{"a":0,"k":0,"ix":6},"o":{"a":0,"k":100,"ix":7},"sk":{"a":0,"k":0,"ix":4},"sa":{"a":0,"k":0,"ix":5},"nm":"Transform"}],"nm":"Group 5","np":3,"cix":2,"bm":0,"ix":5,"mn":"ADBE Vector Group","hd":false},{"ty":"gr","it":[{"ind":0,"ty":"sh","ix":1,"ks":{"a":0,"k":{"i":[[0,0],[4.328,1.218],[-3.719,-4.776],[-1.585,0],[-7.46,-2.663],[-4.009,-0.276],[-4.775,-0.528],[0,0],[0,0],[0,0],[0,0],[0,0],[0,0]],"o":[[-4.461,-0.555],[-4.776,-1.584],[3.719,4.775],[0,0],[3.733,1.487],[0,0],[4.776,0.528],[0,0],[0,0],[0,0],[0,0],[0,0],[0,0]],"v":[[-15.735,-18.552],[-28.938,-21.214],[-33.185,-15.888],[-14.656,-9.045],[-4.555,7.438],[7.129,10.099],[15.623,15.932],[31.578,24.448],[36.904,12.213],[25.197,2.64],[13.511,-17.561],[2.354,-21.28],[-7.218,-24.448]],"c":true},"ix":2},"nm":"Path 1","mn":"ADBE Vector Shape - Group","hd":false},{"ty":"st","c":{"a":0,"k":[0.149000010771,0.195999998205,0.219999994016,1],"ix":3},"o":{"a":0,"k":100,"ix":4},"w":{"a":0,"k":1,"ix":5},"lc":2,"lj":2,"bm":0,"nm":"Stroke 1","mn":"ADBE Vector Graphic - Stroke","hd":false},{"ty":"fl","c":{"a":0,"k":[1,1,1,1],"ix":4},"o":{"a":0,"k":100,"ix":5},"r":1,"bm":0,"nm":"Fill 1","mn":"ADBE Vector Graphic - Fill","hd":false},{"ty":"tr","p":{"a":0,"k":[37.904,28.372],"ix":2},"a":{"a":0,"k":[0,0],"ix":1},"s":{"a":0,"k":[100,100],"ix":3},"r":{"a":0,"k":0,"ix":6},"o":{"a":0,"k":100,"ix":7},"sk":{"a":0,"k":0,"ix":4},"sa":{"a":0,"k":0,"ix":5},"nm":"Transform"}],"nm":"Group 6","np":3,"cix":2,"bm":0,"ix":6,"mn":"ADBE Vector Group","hd":false},{"ty":"gr","it":[{"ind":0,"ty":"sh","ix":1,"ks":{"a":0,"k":{"i":[[0,0],[0,0],[0,0]],"o":[[0,0],[0,0],[0,0]],"v":[[-5.039,8.241],[-7.174,-8.241],[7.174,-5.578]],"c":true},"ix":2},"nm":"Path 1","mn":"ADBE Vector Shape - Group","hd":false},{"ty":"st","c":{"a":0,"k":[0.149000010771,0.195999998205,0.219999994016,1],"ix":3},"o":{"a":0,"k":100,"ix":4},"w":{"a":0,"k":1,"ix":5},"lc":2,"lj":2,"bm":0,"nm":"Stroke 1","mn":"ADBE Vector Graphic - Stroke","hd":false},{"ty":"fl","c":{"a":0,"k":[1,1,1,1],"ix":4},"o":{"a":0,"k":100,"ix":5},"r":1,"bm":0,"nm":"Fill 1","mn":"ADBE Vector Graphic - Fill","hd":false},{"ty":"tr","p":{"a":0,"k":[66.555,51.554],"ix":2},"a":{"a":0,"k":[0,0],"ix":1},"s":{"a":0,"k":[100,100],"ix":3},"r":{"a":0,"k":0,"ix":6},"o":{"a":0,"k":100,"ix":7},"sk":{"a":0,"k":0,"ix":4},"sa":{"a":0,"k":0,"ix":5},"nm":"Transform"}],"nm":"Group 7","np":3,"cix":2,"bm":0,"ix":7,"mn":"ADBE Vector Group","hd":false}],"ip":0,"op":182,"st":0,"bm":0},{"ddd":0,"ind":16,"ty":4,"nm":"плечо 1 Outlines","parent":17,"sr":1,"ks":{"o":{"a":0,"k":100,"ix":11},"r":{"a":1,"k":[{"i":{"x":[0.667],"y":[1]},"o":{"x":[0.333],"y":[0]},"t":3,"s":[0]},{"i":{"x":[0.667],"y":[1]},"o":{"x":[0.333],"y":[0]},"t":32,"s":[-7]},{"i":{"x":[0.667],"y":[1]},"o":{"x":[0.333],"y":[0]},"t":63,"s":[0]},{"i":{"x":[0.667],"y":[1]},"o":{"x":[0.333],"y":[0]},"t":94,"s":[0]},{"i":{"x":[0.667],"y":[1]},"o":{"x":[0.333],"y":[0]},"t":123,"s":[-7]},{"t":154,"s":[0]}],"ix":10},"p":{"a":0,"k":[0.409,28.531,0],"ix":2},"a":{"a":0,"k":[0.409,28.531,0],"ix":1},"s":{"a":0,"k":[100,100,100],"ix":6}},"ao":0,"shapes":[{"ty":"gr","it":[{"ind":0,"ty":"sh","ix":1,"ks":{"a":0,"k":{"i":[[0,0],[0,0]],"o":[[0,0],[0,0]],"v":[[8.572,-5.359],[-8.572,5.359]],"c":false},"ix":2},"nm":"Path 1","mn":"ADBE Vector Shape - Group","hd":false},{"ty":"st","c":{"a":0,"k":[0.149000010771,0.195999998205,0.219999994016,1],"ix":3},"o":{"a":0,"k":100,"ix":4},"w":{"a":0,"k":1,"ix":5},"lc":2,"lj":2,"bm":0,"nm":"Stroke 1","mn":"ADBE Vector Graphic - Stroke","hd":false},{"ty":"tr","p":{"a":0,"k":[20.046,102.216],"ix":2},"a":{"a":0,"k":[0,0],"ix":1},"s":{"a":0,"k":[100,100],"ix":3},"r":{"a":0,"k":0,"ix":6},"o":{"a":0,"k":100,"ix":7},"sk":{"a":0,"k":0,"ix":4},"sa":{"a":0,"k":0,"ix":5},"nm":"Transform"}],"nm":"Group 1","np":2,"cix":2,"bm":0,"ix":1,"mn":"ADBE Vector Group","hd":false},{"ty":"gr","it":[{"ind":0,"ty":"sh","ix":1,"ks":{"a":0,"k":{"i":[[0,0],[0,0]],"o":[[0,0],[0,0]],"v":[[-4.445,17.494],[4.445,-17.494]],"c":false},"ix":2},"nm":"Path 1","mn":"ADBE Vector Shape - Group","hd":false},{"ty":"st","c":{"a":0,"k":[0.149000010771,0.195999998205,0.219999994016,1],"ix":3},"o":{"a":0,"k":100,"ix":4},"w":{"a":0,"k":1,"ix":5},"lc":2,"lj":2,"bm":0,"nm":"Stroke 1","mn":"ADBE Vector Graphic - Stroke","hd":false},{"ty":"tr","p":{"a":0,"k":[7.338,59.338],"ix":2},"a":{"a":0,"k":[0,0],"ix":1},"s":{"a":0,"k":[100,100],"ix":3},"r":{"a":0,"k":0,"ix":6},"o":{"a":0,"k":100,"ix":7},"sk":{"a":0,"k":0,"ix":4},"sa":{"a":0,"k":0,"ix":5},"nm":"Transform"}],"nm":"Group 2","np":2,"cix":2,"bm":0,"ix":2,"mn":"ADBE Vector Group","hd":false},{"ty":"gr","it":[{"ind":0,"ty":"sh","ix":1,"ks":{"a":0,"k":{"i":[[0,0],[0,0]],"o":[[0,0],[0,0]],"v":[[-0.352,1.375],[0.352,-1.375]],"c":false},"ix":2},"nm":"Path 1","mn":"ADBE Vector Shape - Group","hd":false},{"ty":"st","c":{"a":0,"k":[0.149000010771,0.195999998205,0.219999994016,1],"ix":3},"o":{"a":0,"k":100,"ix":4},"w":{"a":0,"k":1,"ix":5},"lc":2,"lj":2,"bm":0,"nm":"Stroke 1","mn":"ADBE Vector Graphic - Stroke","hd":false},{"ty":"tr","p":{"a":0,"k":[13.257,36.022],"ix":2},"a":{"a":0,"k":[0,0],"ix":1},"s":{"a":0,"k":[100,100],"ix":3},"r":{"a":0,"k":0,"ix":6},"o":{"a":0,"k":100,"ix":7},"sk":{"a":0,"k":0,"ix":4},"sa":{"a":0,"k":0,"ix":5},"nm":"Transform"}],"nm":"Group 3","np":2,"cix":2,"bm":0,"ix":3,"mn":"ADBE Vector Group","hd":false},{"ty":"gr","it":[{"ind":0,"ty":"sh","ix":1,"ks":{"a":1,"k":[{"i":{"x":0.667,"y":1},"o":{"x":0.333,"y":0},"t":3,"s":[{"i":[[0,0],[-1.057,-4.182],[0.595,-4.775],[1.584,0],[4.863,2.113],[0,0],[0,0]],"o":[[0,0],[1.057,4.181],[-0.593,4.775],[-1.585,0],[-4.863,-2.112],[0,0],[0,0]],"v":[[-17.835,-68.031],[25.208,48.38],[26.814,60.065],[17.242,68.031],[-0.826,58.48],[-19.97,49.436],[-27.409,25.449]],"c":true}]},{"i":{"x":0.667,"y":1},"o":{"x":0.333,"y":0},"t":32,"s":[{"i":[[0,0],[-1.057,-4.182],[0.595,-4.775],[1.584,0],[4.863,2.113],[0,0],[0,0]],"o":[[0,0],[1.057,4.181],[-0.593,4.775],[-1.585,0],[-4.863,-2.112],[0,0],[0,0]],"v":[[-11.947,-64.895],[25.208,48.38],[26.814,60.065],[17.242,68.031],[-0.826,58.48],[-19.97,49.436],[-38.401,5.668]],"c":true}]},{"i":{"x":0.667,"y":1},"o":{"x":0.333,"y":0},"t":63,"s":[{"i":[[0,0],[-1.057,-4.182],[0.595,-4.775],[1.584,0],[4.863,2.113],[0,0],[0,0]],"o":[[0,0],[1.057,4.181],[-0.593,4.775],[-1.585,0],[-4.863,-2.112],[0,0],[0,0]],"v":[[-17.733,-67.569],[25.208,48.38],[26.814,60.065],[17.242,68.031],[-0.826,58.48],[-19.97,49.436],[-28.043,13.781]],"c":true}]},{"i":{"x":0.667,"y":1},"o":{"x":0.333,"y":0},"t":94,"s":[{"i":[[0,0],[-1.057,-4.182],[0.595,-4.775],[1.584,0],[4.863,2.113],[0,0],[0,0]],"o":[[0,0],[1.057,4.181],[-0.593,4.775],[-1.585,0],[-4.863,-2.112],[0,0],[0,0]],"v":[[-17.733,-67.569],[25.208,48.38],[26.814,60.065],[17.242,68.031],[-0.826,58.48],[-19.97,49.436],[-28.043,13.781]],"c":true}]},{"i":{"x":0.667,"y":1},"o":{"x":0.333,"y":0},"t":123,"s":[{"i":[[0,0],[-1.057,-4.182],[0.595,-4.775],[1.584,0],[4.863,2.113],[0,0],[0,0]],"o":[[0,0],[1.057,4.181],[-0.593,4.775],[-1.585,0],[-4.863,-2.112],[0,0],[0,0]],"v":[[-11.343,-64.449],[25.208,48.38],[26.814,60.065],[17.242,68.031],[-0.826,58.48],[-19.97,49.436],[-37.735,4.003]],"c":true}]},{"t":154,"s":[{"i":[[0,0],[-1.057,-4.182],[0.595,-4.775],[1.584,0],[4.863,2.113],[0,0],[0,0]],"o":[[0,0],[1.057,4.181],[-0.593,4.775],[-1.585,0],[-4.863,-2.112],[0,0],[0,0]],"v":[[-17.253,-67.157],[25.208,48.38],[26.814,60.065],[17.242,68.031],[-0.826,58.48],[-19.97,49.436],[-28.006,19.101]],"c":true}]}],"ix":2},"nm":"Path 1","mn":"ADBE Vector Shape - Group","hd":false},{"ty":"st","c":{"a":0,"k":[0.149000010771,0.195999998205,0.219999994016,1],"ix":3},"o":{"a":0,"k":100,"ix":4},"w":{"a":0,"k":1,"ix":5},"lc":2,"lj":2,"bm":0,"nm":"Stroke 1","mn":"ADBE Vector Graphic - Stroke","hd":false},{"ty":"fl","c":{"a":0,"k":[1,1,1,1],"ix":4},"o":{"a":0,"k":100,"ix":5},"r":1,"bm":0,"nm":"Fill 1","mn":"ADBE Vector Graphic - Fill","hd":false},{"ty":"tr","p":{"a":0,"k":[28.408,69.031],"ix":2},"a":{"a":0,"k":[0,0],"ix":1},"s":{"a":0,"k":[100,100],"ix":3},"r":{"a":0,"k":0,"ix":6},"o":{"a":0,"k":100,"ix":7},"sk":{"a":0,"k":0,"ix":4},"sa":{"a":0,"k":0,"ix":5},"nm":"Transform"}],"nm":"Group 4","np":3,"cix":2,"bm":0,"ix":4,"mn":"ADBE Vector Group","hd":false}],"ip":0,"op":182,"st":0,"bm":0},{"ddd":0,"ind":17,"ty":3,"nm":"плечо 1","parent":19,"sr":1,"ks":{"o":{"a":0,"k":100,"ix":11},"r":{"a":1,"k":[{"i":{"x":[0.667],"y":[1]},"o":{"x":[0.333],"y":[0]},"t":3,"s":[-2]},{"i":{"x":[0.667],"y":[1]},"o":{"x":[0.333],"y":[0]},"t":32,"s":[-9]},{"i":{"x":[0.667],"y":[1]},"o":{"x":[0.333],"y":[0]},"t":63,"s":[-2]},{"i":{"x":[0.667],"y":[1]},"o":{"x":[0.333],"y":[0]},"t":94,"s":[-2]},{"i":{"x":[0.667],"y":[1]},"o":{"x":[0.333],"y":[0]},"t":123,"s":[-9]},{"t":154,"s":[-2]}],"ix":10},"p":{"a":0,"k":[207.241,66.623,0],"ix":2},"a":{"a":0,"k":[0.409,28.531,0],"ix":1},"s":{"a":0,"k":[100,100,100],"ix":6}},"ao":0,"ip":0,"op":182,"st":0,"bm":0},{"ddd":0,"ind":19,"ty":3,"nm":"Персонаж","parent":1,"sr":1,"ks":{"o":{"a":0,"k":100,"ix":11},"r":{"a":1,"k":[{"i":{"x":[0.667],"y":[1]},"o":{"x":[0.333],"y":[0]},"t":6,"s":[0]},{"i":{"x":[0.667],"y":[1]},"o":{"x":[0.333],"y":[0]},"t":75,"s":[3]},{"t":129,"s":[0]}],"ix":10},"p":{"a":0,"k":[118.939,42.498,0],"ix":2},"a":{"a":0,"k":[134.84,260.053,0],"ix":1},"s":{"a":0,"k":[100,100,100],"ix":6}},"ao":0,"hasMask":true,"masksProperties":[{"inv":false,"mode":"a","pt":{"a":0,"k":{"i":[[0,0],[0,0],[0,0],[0,0],[0,0],[0,0],[0,0]],"o":[[0,0],[0,0],[0,0],[0,0],[0,0],[0,0],[0,0]],"v":[[26.901,-124.445],[-70.099,87.555],[-49.099,247.555],[57.901,203.555],[224.901,206.555],[344.901,201.555],[296.901,-110.445]],"c":true},"ix":1},"o":{"a":0,"k":100,"ix":3},"x":{"a":0,"k":0,"ix":4},"nm":"Mask 1"}],"ip":0,"op":182,"st":0,"bm":0},{"ddd":0,"ind":20,"ty":4,"nm":"Персонаж 2 Outlines","parent":19,"sr":1,"ks":{"o":{"a":0,"k":100,"ix":11},"r":{"a":0,"k":0.012,"ix":10},"p":{"a":0,"k":[134.84,260.053,0],"ix":2},"a":{"a":0,"k":[134.84,260.053,0],"ix":1},"s":{"a":0,"k":[100,100,100],"ix":6}},"ao":0,"hasMask":true,"masksProperties":[{"inv":false,"mode":"a","pt":{"a":0,"k":{"i":[[0,0],[0,0],[0,0],[0,0],[0,0],[0,0],[0,0]],"o":[[0,0],[0,0],[0,0],[0,0],[0,0],[0,0],[0,0]],"v":[[-168.195,-196.382],[-174.109,209.62],[-66.097,267.597],[50.89,208.572],[233.89,207.534],[473.889,203.483],[273.808,-182.475]],"c":true},"ix":1},"o":{"a":0,"k":100,"ix":3},"x":{"a":0,"k":0,"ix":4},"nm":"Mask 1"}],"shapes":[{"ty":"gr","it":[{"ind":0,"ty":"sh","ix":1,"ks":{"a":0,"k":{"i":[[0,0],[0,0],[0,0],[0,0]],"o":[[0,0],[0,0],[0,0],[0,0]],"v":[[-11.365,-4.181],[-3.95,19.475],[11.365,-5.105],[4.412,-19.475]],"c":true},"ix":2},"nm":"Path 1","mn":"ADBE Vector Shape - Group","hd":false},{"ty":"st","c":{"a":0,"k":[0.149000010771,0.195999998205,0.219999994016,1],"ix":3},"o":{"a":0,"k":100,"ix":4},"w":{"a":0,"k":1,"ix":5},"lc":2,"lj":2,"bm":0,"nm":"Stroke 1","mn":"ADBE Vector Graphic - Stroke","hd":false},{"ty":"fl","c":{"a":0,"k":[1,1,1,1],"ix":4},"o":{"a":0,"k":100,"ix":5},"r":1,"bm":0,"nm":"Fill 1","mn":"ADBE Vector Graphic - Fill","hd":false},{"ty":"tr","p":{"a":0,"k":[146.557,20.475],"ix":2},"a":{"a":0,"k":[0,0],"ix":1},"s":{"a":0,"k":[100,100],"ix":3},"r":{"a":0,"k":0,"ix":6},"o":{"a":0,"k":100,"ix":7},"sk":{"a":0,"k":0,"ix":4},"sa":{"a":0,"k":0,"ix":5},"nm":"Transform"}],"nm":"Group 1","np":3,"cix":2,"bm":0,"ix":1,"mn":"ADBE Vector Group","hd":false},{"ty":"gr","it":[{"ind":0,"ty":"sh","ix":1,"ks":{"a":0,"k":{"i":[[0,0],[0,0],[0,0],[0,0]],"o":[[0,0],[0,0],[0,0],[0,0]],"v":[[-9.506,-17.605],[-10.893,-2.772],[1.629,17.605],[10.893,-4.643]],"c":true},"ix":2},"nm":"Path 1","mn":"ADBE Vector Shape - Group","hd":false},{"ty":"st","c":{"a":0,"k":[0.149000010771,0.195999998205,0.219999994016,1],"ix":3},"o":{"a":0,"k":100,"ix":4},"w":{"a":0,"k":1,"ix":5},"lc":2,"lj":2,"bm":0,"nm":"Stroke 1","mn":"ADBE Vector Graphic - Stroke","hd":false},{"ty":"fl","c":{"a":0,"k":[1,1,1,1],"ix":4},"o":{"a":0,"k":100,"ix":5},"r":1,"bm":0,"nm":"Fill 1","mn":"ADBE Vector Graphic - Fill","hd":false},{"ty":"tr","p":{"a":0,"k":[115.958,20.475],"ix":2},"a":{"a":0,"k":[0,0],"ix":1},"s":{"a":0,"k":[100,100],"ix":3},"r":{"a":0,"k":0,"ix":6},"o":{"a":0,"k":100,"ix":7},"sk":{"a":0,"k":0,"ix":4},"sa":{"a":0,"k":0,"ix":5},"nm":"Transform"}],"nm":"Group 2","np":3,"cix":2,"bm":0,"ix":2,"mn":"ADBE Vector Group","hd":false},{"ty":"gr","it":[{"ind":0,"ty":"sh","ix":1,"ks":{"a":0,"k":{"i":[[0,0],[0,0],[0,0],[0,0],[0,0],[0,0],[0,0],[0,0]],"o":[[0,0],[0,0],[0,0],[0,0],[0,0],[0,0],[0,0],[0,0]],"v":[[-12.752,-85.757],[-4.853,-63.509],[-15.525,71.848],[1.156,98.278],[15.525,69.538],[0.693,-63.509],[9.979,-83.446],[-3.465,-98.278]],"c":true},"ix":2},"nm":"Path 1","mn":"ADBE Vector Shape - Group","hd":false},{"ty":"st","c":{"a":0,"k":[0.149000010771,0.195999998205,0.219999994016,1],"ix":3},"o":{"a":0,"k":100,"ix":4},"w":{"a":0,"k":1,"ix":5},"lc":2,"lj":2,"bm":0,"nm":"Stroke 1","mn":"ADBE Vector Graphic - Stroke","hd":false},{"ty":"fl","c":{"a":0,"k":[0.149000010771,0.195999998205,0.219999994016,1],"ix":4},"o":{"a":0,"k":100,"ix":5},"r":1,"bm":0,"nm":"Fill 1","mn":"ADBE Vector Graphic - Fill","hd":false},{"ty":"tr","p":{"a":0,"k":[133.574,106.694],"ix":2},"a":{"a":0,"k":[0,0],"ix":1},"s":{"a":0,"k":[100,100],"ix":3},"r":{"a":0,"k":0,"ix":6},"o":{"a":0,"k":100,"ix":7},"sk":{"a":0,"k":0,"ix":4},"sa":{"a":0,"k":0,"ix":5},"nm":"Transform"}],"nm":"Group 3","np":3,"cix":2,"bm":0,"ix":3,"mn":"ADBE Vector Group","hd":false},{"ty":"gr","it":[{"ind":0,"ty":"sh","ix":1,"ks":{"a":0,"k":{"i":[[0,0],[0,0],[0,0],[-1.673,-2.641],[-1.706,-1.093],[0,0],[0,1.607],[0,0],[0,0],[0,0]],"o":[[0,0],[0,0],[0,0],[1.093,1.705],[0,0],[0,0],[0,0],[0,0],[0,0],[0,0]],"v":[[-24.976,-94.867],[-85.052,-62.981],[-58.997,75.216],[-59.525,90.62],[-55.278,94.867],[62.188,94.867],[70.155,85.822],[70.155,78.913],[85.052,-70.441],[25.636,-94.163]],"c":true},"ix":2},"nm":"Path 1","mn":"ADBE Vector Shape - Group","hd":false},{"ty":"st","c":{"a":0,"k":[0.149000010771,0.195999998205,0.219999994016,1],"ix":3},"o":{"a":0,"k":100,"ix":4},"w":{"a":0,"k":1,"ix":5},"lc":2,"lj":2,"bm":0,"nm":"Stroke 1","mn":"ADBE Vector Graphic - Stroke","hd":false},{"ty":"fl","c":{"a":0,"k":[1,1,1,1],"ix":4},"o":{"a":0,"k":100,"ix":5},"r":1,"bm":0,"nm":"Fill 1","mn":"ADBE Vector Graphic - Fill","hd":false},{"ty":"tr","p":{"a":0,"k":[132.352,109.511],"ix":2},"a":{"a":0,"k":[0,0],"ix":1},"s":{"a":0,"k":[100,100],"ix":3},"r":{"a":0,"k":0,"ix":6},"o":{"a":0,"k":100,"ix":7},"sk":{"a":0,"k":0,"ix":4},"sa":{"a":0,"k":0,"ix":5},"nm":"Transform"}],"nm":"Group 4","np":3,"cix":2,"bm":0,"ix":4,"mn":"ADBE Vector Group","hd":false},{"ty":"gr","it":[{"ind":0,"ty":"sh","ix":1,"ks":{"a":0,"k":{"i":[[0,0],[-4.139,0.897],[-4.643,-3.213]],"o":[[3.963,-1.491],[1.232,0],[0,0]],"v":[[-11.872,0.088],[0.297,-3.499],[11.872,3.499]],"c":false},"ix":2},"nm":"Path 1","mn":"ADBE Vector Shape - Group","hd":false},{"ty":"st","c":{"a":0,"k":[0.149000010771,0.195999998205,0.219999994016,1],"ix":3},"o":{"a":0,"k":100,"ix":4},"w":{"a":0,"k":1,"ix":5},"lc":2,"lj":2,"bm":0,"nm":"Stroke 1","mn":"ADBE Vector Graphic - Stroke","hd":false},{"ty":"fl","c":{"a":0,"k":[1,1,1,1],"ix":4},"o":{"a":0,"k":100,"ix":5},"r":1,"bm":0,"nm":"Fill 1","mn":"ADBE Vector Graphic - Fill","hd":false},{"ty":"tr","p":{"a":0,"k":[32.853,149.869],"ix":2},"a":{"a":0,"k":[0,0],"ix":1},"s":{"a":0,"k":[100,100],"ix":3},"r":{"a":0,"k":0,"ix":6},"o":{"a":0,"k":100,"ix":7},"sk":{"a":0,"k":0,"ix":4},"sa":{"a":0,"k":0,"ix":5},"nm":"Transform"}],"nm":"Group 5","np":3,"cix":2,"bm":0,"ix":5,"mn":"ADBE Vector Group","hd":false},{"ty":"gr","it":[{"ind":0,"ty":"sh","ix":1,"ks":{"a":0,"k":{"i":[[0,0],[0,0]],"o":[[0,0],[0,0]],"v":[[-1.452,-1.101],[1.452,1.101]],"c":false},"ix":2},"nm":"Path 1","mn":"ADBE Vector Shape - Group","hd":false},{"ty":"st","c":{"a":0,"k":[0.149000010771,0.195999998205,0.219999994016,1],"ix":3},"o":{"a":0,"k":100,"ix":4},"w":{"a":0,"k":1,"ix":5},"lc":2,"lj":2,"bm":0,"nm":"Stroke 1","mn":"ADBE Vector Graphic - Stroke","hd":false},{"ty":"fl","c":{"a":0,"k":[1,1,1,1],"ix":4},"o":{"a":0,"k":100,"ix":5},"r":1,"bm":0,"nm":"Fill 1","mn":"ADBE Vector Graphic - Fill","hd":false},{"ty":"tr","p":{"a":0,"k":[49.567,156.823],"ix":2},"a":{"a":0,"k":[0,0],"ix":1},"s":{"a":0,"k":[100,100],"ix":3},"r":{"a":0,"k":0,"ix":6},"o":{"a":0,"k":100,"ix":7},"sk":{"a":0,"k":0,"ix":4},"sa":{"a":0,"k":0,"ix":5},"nm":"Transform"}],"nm":"Group 6","np":3,"cix":2,"bm":0,"ix":6,"mn":"ADBE Vector Group","hd":false},{"ty":"gr","it":[{"ind":0,"ty":"sh","ix":1,"ks":{"a":0,"k":{"i":[[0,0],[0,0]],"o":[[0,0],[0,0]],"v":[[5.127,12.422],[-5.127,-12.422]],"c":false},"ix":2},"nm":"Path 1","mn":"ADBE Vector Shape - Group","hd":false},{"ty":"st","c":{"a":0,"k":[0.149000010771,0.195999998205,0.219999994016,1],"ix":3},"o":{"a":0,"k":100,"ix":4},"w":{"a":0,"k":1,"ix":5},"lc":2,"lj":2,"bm":0,"nm":"Stroke 1","mn":"ADBE Vector Graphic - Stroke","hd":false},{"ty":"tr","p":{"a":0,"k":[55.86,104.548],"ix":2},"a":{"a":0,"k":[0,0],"ix":1},"s":{"a":0,"k":[100,100],"ix":3},"r":{"a":0,"k":0,"ix":6},"o":{"a":0,"k":100,"ix":7},"sk":{"a":0,"k":0,"ix":4},"sa":{"a":0,"k":0,"ix":5},"nm":"Transform"}],"nm":"Group 7","np":2,"cix":2,"bm":0,"ix":7,"mn":"ADBE Vector Group","hd":false},{"ty":"gr","it":[{"ind":0,"ty":"sh","ix":1,"ks":{"a":0,"k":{"i":[[0,0],[0,0]],"o":[[0,0],[0,0]],"v":[[0.77,1.848],[-0.77,-1.848]],"c":false},"ix":2},"nm":"Path 1","mn":"ADBE Vector Shape - Group","hd":false},{"ty":"st","c":{"a":0,"k":[0.149000010771,0.195999998205,0.219999994016,1],"ix":3},"o":{"a":0,"k":100,"ix":4},"w":{"a":0,"k":1,"ix":5},"lc":2,"lj":2,"bm":0,"nm":"Stroke 1","mn":"ADBE Vector Graphic - Stroke","hd":false},{"ty":"tr","p":{"a":0,"k":[48.202,86.03],"ix":2},"a":{"a":0,"k":[0,0],"ix":1},"s":{"a":0,"k":[100,100],"ix":3},"r":{"a":0,"k":0,"ix":6},"o":{"a":0,"k":100,"ix":7},"sk":{"a":0,"k":0,"ix":4},"sa":{"a":0,"k":0,"ix":5},"nm":"Transform"}],"nm":"Group 8","np":2,"cix":2,"bm":0,"ix":8,"mn":"ADBE Vector Group","hd":false},{"ty":"gr","it":[{"ind":0,"ty":"sh","ix":1,"ks":{"a":0,"k":{"i":[[0,0],[1.584,-3.124],[-9.044,-1.606],[-1.607,2.641],[0,0]],"o":[[0,0],[-1.585,3.125],[9.045,1.607],[1.606,-2.64],[0,0]],"v":[[11.421,-67.778],[-26.847,62.98],[-9.837,66.171],[13.556,58.205],[28.432,14.194]],"c":true},"ix":2},"nm":"Path 1","mn":"ADBE Vector Shape - Group","hd":false},{"ty":"st","c":{"a":0,"k":[0.149000010771,0.195999998205,0.219999994016,1],"ix":3},"o":{"a":0,"k":100,"ix":4},"w":{"a":0,"k":1,"ix":5},"lc":2,"lj":2,"bm":0,"nm":"Stroke 1","mn":"ADBE Vector Graphic - Stroke","hd":false},{"ty":"fl","c":{"a":0,"k":[1,1,1,1],"ix":4},"o":{"a":0,"k":100,"ix":5},"r":1,"bm":0,"nm":"Fill 1","mn":"ADBE Vector Graphic - Fill","hd":false},{"ty":"tr","p":{"a":0,"k":[35.879,114.308],"ix":2},"a":{"a":0,"k":[0,0],"ix":1},"s":{"a":0,"k":[100,100],"ix":3},"r":{"a":0,"k":0,"ix":6},"o":{"a":0,"k":100,"ix":7},"sk":{"a":0,"k":0,"ix":4},"sa":{"a":0,"k":0,"ix":5},"nm":"Transform"}],"nm":"Group 9","np":3,"cix":2,"bm":0,"ix":9,"mn":"ADBE Vector Group","hd":false},{"ty":"gr","it":[{"ind":0,"ty":"sh","ix":1,"ks":{"a":0,"k":{"i":[[4.687,1.342],[0,0],[0.34,2.888],[0,0],[0,23.393],[3.16,19.228],[0,0],[0,0],[0,0],[0,0],[0,0],[0.66,-2.662],[0.414,-19.481],[0,0],[0.595,-1.914],[-0.35,-2.886],[4.665,-1.32],[-5.347,-2.685],[-5.346,0],[-2.047,1.343],[0,0],[-2.348,0.893],[-0.66,7.944],[0,0],[-1.461,3.237],[0,0],[0,0],[0,0],[0,0],[0,0],[-1.321,-4.028],[-2.521,-2.508],[-0.66,-8.009],[-2.663,-1.254],[-2.511,0.006],[-2.003,-1.43],[-5.369,0],[-5.348,2.663]],"o":[[-4.666,-1.32],[0.34,-2.887],[-0.682,-2.003],[0,0],[-0.401,-19.482],[-0.66,-2.662],[0,0],[0,0],[0,0],[0,0],[0,0],[-3.147,19.23],[0,23.393],[0,0],[-0.35,2.887],[0,0],[-4.665,1.32],[5.348,2.685],[5.348,0],[2.047,-1.342],[2.51,0.005],[2.662,-1.343],[0.66,-7.944],[2.512,-2.509],[1.342,-4.005],[0,0],[0,0],[0,0],[0,0],[0,0],[1.464,3.239],[0,0],[0.66,8.011],[2.346,0.894],[0,0],[2.002,1.431],[5.371,0],[5.348,-2.663]],"v":[[130.154,193.046],[101.436,177.025],[101.436,168.333],[94.834,161.732],[89.486,89.574],[84.139,31.435],[65.433,-157.661],[59.427,-205.105],[0.01,-202.179],[-59.405,-205.105],[-65.434,-157.661],[-84.139,31.435],[-89.487,89.574],[-94.833,161.732],[-101.436,168.333],[-101.436,177.025],[-130.175,193.046],[-127.513,201.078],[-104.781,205.083],[-89.376,194.388],[-88.033,200.99],[-80.684,199.648],[-72.674,193.046],[-71.992,177.025],[-65.984,168.333],[-61.979,152.929],[-19.882,-16.779],[-0.208,-109.578],[19.86,-16.758],[61.958,152.951],[65.963,168.356],[71.991,177.048],[72.651,193.067],[80.662,199.669],[88.011,201.012],[89.354,194.41],[104.757,205.105],[127.49,201.1]],"c":true},"ix":2},"nm":"Path 1","mn":"ADBE Vector Shape - Group","hd":false},{"ty":"st","c":{"a":0,"k":[0.149000010771,0.195999998205,0.219999994016,1],"ix":3},"o":{"a":0,"k":100,"ix":4},"w":{"a":0,"k":1,"ix":5},"lc":2,"lj":2,"bm":0,"nm":"Stroke 1","mn":"ADBE Vector Graphic - Stroke","hd":false},{"ty":"fl","c":{"a":0,"k":[0.149000010771,0.195999998205,0.219999994016,1],"ix":4},"o":{"a":0,"k":100,"ix":5},"r":1,"bm":0,"nm":"Fill 1","mn":"ADBE Vector Graphic - Fill","hd":false},{"ty":"tr","p":{"a":0,"k":[135.84,402.001],"ix":2},"a":{"a":0,"k":[0,0],"ix":1},"s":{"a":0,"k":[100,100],"ix":3},"r":{"a":0,"k":0,"ix":6},"o":{"a":0,"k":100,"ix":7},"sk":{"a":0,"k":0,"ix":4},"sa":{"a":0,"k":0,"ix":5},"nm":"Transform"}],"nm":"Group 10","np":3,"cix":2,"bm":0,"ix":10,"mn":"ADBE Vector Group","hd":false}],"ip":0,"op":182,"st":0,"bm":0},{"ddd":0,"ind":21,"ty":4,"nm":"Персонаж 2 Outlines 2","parent":1,"sr":1,"ks":{"o":{"a":0,"k":100,"ix":11},"r":{"a":0,"k":0.012,"ix":10},"p":{"a":0,"k":[118.939,42.498,0],"ix":2},"a":{"a":0,"k":[134.84,260.053,0],"ix":1},"s":{"a":0,"k":[100,100,100],"ix":6}},"ao":0,"hasMask":true,"masksProperties":[{"inv":true,"mode":"a","pt":{"a":0,"k":{"i":[[0,0],[0,0],[0,0],[0,0],[0,0],[0,0],[0,0],[0,0]],"o":[[0,0],[0,0],[0,0],[0,0],[0,0],[0,0],[0,0],[0,0]],"v":[[-168.195,-196.382],[-174.109,209.62],[-66.097,267.597],[69.675,194.643],[76.638,196.817],[233.89,207.534],[473.889,203.483],[273.808,-182.475]],"c":true},"ix":1},"o":{"a":0,"k":100,"ix":3},"x":{"a":0,"k":0,"ix":4},"nm":"Mask 1"}],"shapes":[{"ty":"gr","it":[{"ind":0,"ty":"sh","ix":1,"ks":{"a":0,"k":{"i":[[0,0],[0,0],[0,0],[0,0]],"o":[[0,0],[0,0],[0,0],[0,0]],"v":[[-11.365,-4.181],[-3.95,19.475],[11.365,-5.105],[4.412,-19.475]],"c":true},"ix":2},"nm":"Path 1","mn":"ADBE Vector Shape - Group","hd":false},{"ty":"st","c":{"a":0,"k":[0.149000010771,0.195999998205,0.219999994016,1],"ix":3},"o":{"a":0,"k":100,"ix":4},"w":{"a":0,"k":1,"ix":5},"lc":2,"lj":2,"bm":0,"nm":"Stroke 1","mn":"ADBE Vector Graphic - Stroke","hd":false},{"ty":"fl","c":{"a":0,"k":[1,1,1,1],"ix":4},"o":{"a":0,"k":100,"ix":5},"r":1,"bm":0,"nm":"Fill 1","mn":"ADBE Vector Graphic - Fill","hd":false},{"ty":"tr","p":{"a":0,"k":[146.557,20.475],"ix":2},"a":{"a":0,"k":[0,0],"ix":1},"s":{"a":0,"k":[100,100],"ix":3},"r":{"a":0,"k":0,"ix":6},"o":{"a":0,"k":100,"ix":7},"sk":{"a":0,"k":0,"ix":4},"sa":{"a":0,"k":0,"ix":5},"nm":"Transform"}],"nm":"Group 1","np":3,"cix":2,"bm":0,"ix":1,"mn":"ADBE Vector Group","hd":false},{"ty":"gr","it":[{"ind":0,"ty":"sh","ix":1,"ks":{"a":0,"k":{"i":[[0,0],[0,0],[0,0],[0,0]],"o":[[0,0],[0,0],[0,0],[0,0]],"v":[[-9.506,-17.605],[-10.893,-2.772],[1.629,17.605],[10.893,-4.643]],"c":true},"ix":2},"nm":"Path 1","mn":"ADBE Vector Shape - Group","hd":false},{"ty":"st","c":{"a":0,"k":[0.149000010771,0.195999998205,0.219999994016,1],"ix":3},"o":{"a":0,"k":100,"ix":4},"w":{"a":0,"k":1,"ix":5},"lc":2,"lj":2,"bm":0,"nm":"Stroke 1","mn":"ADBE Vector Graphic - Stroke","hd":false},{"ty":"fl","c":{"a":0,"k":[1,1,1,1],"ix":4},"o":{"a":0,"k":100,"ix":5},"r":1,"bm":0,"nm":"Fill 1","mn":"ADBE Vector Graphic - Fill","hd":false},{"ty":"tr","p":{"a":0,"k":[115.958,20.475],"ix":2},"a":{"a":0,"k":[0,0],"ix":1},"s":{"a":0,"k":[100,100],"ix":3},"r":{"a":0,"k":0,"ix":6},"o":{"a":0,"k":100,"ix":7},"sk":{"a":0,"k":0,"ix":4},"sa":{"a":0,"k":0,"ix":5},"nm":"Transform"}],"nm":"Group 2","np":3,"cix":2,"bm":0,"ix":2,"mn":"ADBE Vector Group","hd":false},{"ty":"gr","it":[{"ind":0,"ty":"sh","ix":1,"ks":{"a":0,"k":{"i":[[0,0],[0,0],[0,0],[0,0],[0,0],[0,0],[0,0],[0,0]],"o":[[0,0],[0,0],[0,0],[0,0],[0,0],[0,0],[0,0],[0,0]],"v":[[-12.752,-85.757],[-4.853,-63.509],[-15.525,71.848],[1.156,98.278],[15.525,69.538],[0.693,-63.509],[9.979,-83.446],[-3.465,-98.278]],"c":true},"ix":2},"nm":"Path 1","mn":"ADBE Vector Shape - Group","hd":false},{"ty":"st","c":{"a":0,"k":[0.149000010771,0.195999998205,0.219999994016,1],"ix":3},"o":{"a":0,"k":100,"ix":4},"w":{"a":0,"k":1,"ix":5},"lc":2,"lj":2,"bm":0,"nm":"Stroke 1","mn":"ADBE Vector Graphic - Stroke","hd":false},{"ty":"fl","c":{"a":0,"k":[0.149000010771,0.195999998205,0.219999994016,1],"ix":4},"o":{"a":0,"k":100,"ix":5},"r":1,"bm":0,"nm":"Fill 1","mn":"ADBE Vector Graphic - Fill","hd":false},{"ty":"tr","p":{"a":0,"k":[133.574,106.694],"ix":2},"a":{"a":0,"k":[0,0],"ix":1},"s":{"a":0,"k":[100,100],"ix":3},"r":{"a":0,"k":0,"ix":6},"o":{"a":0,"k":100,"ix":7},"sk":{"a":0,"k":0,"ix":4},"sa":{"a":0,"k":0,"ix":5},"nm":"Transform"}],"nm":"Group 3","np":3,"cix":2,"bm":0,"ix":3,"mn":"ADBE Vector Group","hd":false},{"ty":"gr","it":[{"ind":0,"ty":"sh","ix":1,"ks":{"a":0,"k":{"i":[[0,0],[0,0],[0,0],[-1.673,-2.641],[-1.706,-1.093],[0,0],[0,1.607],[0,0],[0,0],[0,0]],"o":[[0,0],[0,0],[0,0],[1.093,1.705],[0,0],[0,0],[0,0],[0,0],[0,0],[0,0]],"v":[[-24.976,-94.867],[-85.052,-62.981],[-58.997,75.216],[-59.027,85.37],[-53.78,85.367],[62.188,94.867],[70.155,85.822],[70.155,78.913],[85.052,-70.441],[25.636,-94.163]],"c":true},"ix":2},"nm":"Path 1","mn":"ADBE Vector Shape - Group","hd":false},{"ty":"st","c":{"a":0,"k":[0.149000010771,0.195999998205,0.219999994016,1],"ix":3},"o":{"a":0,"k":100,"ix":4},"w":{"a":0,"k":1,"ix":5},"lc":2,"lj":2,"bm":0,"nm":"Stroke 1","mn":"ADBE Vector Graphic - Stroke","hd":false},{"ty":"fl","c":{"a":0,"k":[1,1,1,1],"ix":4},"o":{"a":0,"k":100,"ix":5},"r":1,"bm":0,"nm":"Fill 1","mn":"ADBE Vector Graphic - Fill","hd":false},{"ty":"tr","p":{"a":0,"k":[132.352,109.511],"ix":2},"a":{"a":0,"k":[0,0],"ix":1},"s":{"a":0,"k":[100,100],"ix":3},"r":{"a":0,"k":0,"ix":6},"o":{"a":0,"k":100,"ix":7},"sk":{"a":0,"k":0,"ix":4},"sa":{"a":0,"k":0,"ix":5},"nm":"Transform"}],"nm":"Group 4","np":3,"cix":2,"bm":0,"ix":4,"mn":"ADBE Vector Group","hd":false},{"ty":"gr","it":[{"ind":0,"ty":"sh","ix":1,"ks":{"a":0,"k":{"i":[[0,0],[-4.139,0.897],[-4.643,-3.213]],"o":[[3.963,-1.491],[1.232,0],[0,0]],"v":[[-11.872,0.088],[0.297,-3.499],[11.872,3.499]],"c":false},"ix":2},"nm":"Path 1","mn":"ADBE Vector Shape - Group","hd":false},{"ty":"st","c":{"a":0,"k":[0.149000010771,0.195999998205,0.219999994016,1],"ix":3},"o":{"a":0,"k":100,"ix":4},"w":{"a":0,"k":1,"ix":5},"lc":2,"lj":2,"bm":0,"nm":"Stroke 1","mn":"ADBE Vector Graphic - Stroke","hd":false},{"ty":"fl","c":{"a":0,"k":[1,1,1,1],"ix":4},"o":{"a":0,"k":100,"ix":5},"r":1,"bm":0,"nm":"Fill 1","mn":"ADBE Vector Graphic - Fill","hd":false},{"ty":"tr","p":{"a":0,"k":[32.853,149.869],"ix":2},"a":{"a":0,"k":[0,0],"ix":1},"s":{"a":0,"k":[100,100],"ix":3},"r":{"a":0,"k":0,"ix":6},"o":{"a":0,"k":100,"ix":7},"sk":{"a":0,"k":0,"ix":4},"sa":{"a":0,"k":0,"ix":5},"nm":"Transform"}],"nm":"Group 5","np":3,"cix":2,"bm":0,"ix":5,"mn":"ADBE Vector Group","hd":false},{"ty":"gr","it":[{"ind":0,"ty":"sh","ix":1,"ks":{"a":0,"k":{"i":[[0,0],[0,0]],"o":[[0,0],[0,0]],"v":[[-1.452,-1.101],[1.452,1.101]],"c":false},"ix":2},"nm":"Path 1","mn":"ADBE Vector Shape - Group","hd":false},{"ty":"st","c":{"a":0,"k":[0.149000010771,0.195999998205,0.219999994016,1],"ix":3},"o":{"a":0,"k":100,"ix":4},"w":{"a":0,"k":1,"ix":5},"lc":2,"lj":2,"bm":0,"nm":"Stroke 1","mn":"ADBE Vector Graphic - Stroke","hd":false},{"ty":"fl","c":{"a":0,"k":[1,1,1,1],"ix":4},"o":{"a":0,"k":100,"ix":5},"r":1,"bm":0,"nm":"Fill 1","mn":"ADBE Vector Graphic - Fill","hd":false},{"ty":"tr","p":{"a":0,"k":[49.567,156.823],"ix":2},"a":{"a":0,"k":[0,0],"ix":1},"s":{"a":0,"k":[100,100],"ix":3},"r":{"a":0,"k":0,"ix":6},"o":{"a":0,"k":100,"ix":7},"sk":{"a":0,"k":0,"ix":4},"sa":{"a":0,"k":0,"ix":5},"nm":"Transform"}],"nm":"Group 6","np":3,"cix":2,"bm":0,"ix":6,"mn":"ADBE Vector Group","hd":false},{"ty":"gr","it":[{"ind":0,"ty":"sh","ix":1,"ks":{"a":0,"k":{"i":[[0,0],[0,0]],"o":[[0,0],[0,0]],"v":[[5.127,12.422],[-5.127,-12.422]],"c":false},"ix":2},"nm":"Path 1","mn":"ADBE Vector Shape - Group","hd":false},{"ty":"st","c":{"a":0,"k":[0.149000010771,0.195999998205,0.219999994016,1],"ix":3},"o":{"a":0,"k":100,"ix":4},"w":{"a":0,"k":1,"ix":5},"lc":2,"lj":2,"bm":0,"nm":"Stroke 1","mn":"ADBE Vector Graphic - Stroke","hd":false},{"ty":"tr","p":{"a":0,"k":[55.86,104.548],"ix":2},"a":{"a":0,"k":[0,0],"ix":1},"s":{"a":0,"k":[100,100],"ix":3},"r":{"a":0,"k":0,"ix":6},"o":{"a":0,"k":100,"ix":7},"sk":{"a":0,"k":0,"ix":4},"sa":{"a":0,"k":0,"ix":5},"nm":"Transform"}],"nm":"Group 7","np":2,"cix":2,"bm":0,"ix":7,"mn":"ADBE Vector Group","hd":false},{"ty":"gr","it":[{"ind":0,"ty":"sh","ix":1,"ks":{"a":0,"k":{"i":[[0,0],[0,0]],"o":[[0,0],[0,0]],"v":[[0.77,1.848],[-0.77,-1.848]],"c":false},"ix":2},"nm":"Path 1","mn":"ADBE Vector Shape - Group","hd":false},{"ty":"st","c":{"a":0,"k":[0.149000010771,0.195999998205,0.219999994016,1],"ix":3},"o":{"a":0,"k":100,"ix":4},"w":{"a":0,"k":1,"ix":5},"lc":2,"lj":2,"bm":0,"nm":"Stroke 1","mn":"ADBE Vector Graphic - Stroke","hd":false},{"ty":"tr","p":{"a":0,"k":[48.202,86.03],"ix":2},"a":{"a":0,"k":[0,0],"ix":1},"s":{"a":0,"k":[100,100],"ix":3},"r":{"a":0,"k":0,"ix":6},"o":{"a":0,"k":100,"ix":7},"sk":{"a":0,"k":0,"ix":4},"sa":{"a":0,"k":0,"ix":5},"nm":"Transform"}],"nm":"Group 8","np":2,"cix":2,"bm":0,"ix":8,"mn":"ADBE Vector Group","hd":false},{"ty":"gr","it":[{"ind":0,"ty":"sh","ix":1,"ks":{"a":0,"k":{"i":[[0,0],[1.584,-3.124],[-9.044,-1.606],[-1.607,2.641],[0,0]],"o":[[0,0],[-1.585,3.125],[9.045,1.607],[1.606,-2.64],[0,0]],"v":[[11.421,-67.778],[-26.847,62.98],[-9.837,66.171],[13.556,58.205],[28.432,14.194]],"c":true},"ix":2},"nm":"Path 1","mn":"ADBE Vector Shape - Group","hd":false},{"ty":"st","c":{"a":0,"k":[0.149000010771,0.195999998205,0.219999994016,1],"ix":3},"o":{"a":0,"k":100,"ix":4},"w":{"a":0,"k":1,"ix":5},"lc":2,"lj":2,"bm":0,"nm":"Stroke 1","mn":"ADBE Vector Graphic - Stroke","hd":false},{"ty":"fl","c":{"a":0,"k":[1,1,1,1],"ix":4},"o":{"a":0,"k":100,"ix":5},"r":1,"bm":0,"nm":"Fill 1","mn":"ADBE Vector Graphic - Fill","hd":false},{"ty":"tr","p":{"a":0,"k":[35.879,114.308],"ix":2},"a":{"a":0,"k":[0,0],"ix":1},"s":{"a":0,"k":[100,100],"ix":3},"r":{"a":0,"k":0,"ix":6},"o":{"a":0,"k":100,"ix":7},"sk":{"a":0,"k":0,"ix":4},"sa":{"a":0,"k":0,"ix":5},"nm":"Transform"}],"nm":"Group 9","np":3,"cix":2,"bm":0,"ix":9,"mn":"ADBE Vector Group","hd":false},{"ty":"gr","it":[{"ind":0,"ty":"sh","ix":1,"ks":{"a":1,"k":[{"i":{"x":0.667,"y":1},"o":{"x":0.333,"y":0},"t":6,"s":[{"i":[[4.687,1.342],[0,0],[0.34,2.888],[0,0],[0,23.393],[3.16,19.228],[0,0],[0,0],[0,0],[0,0],[0,0],[0.66,-2.662],[0.414,-19.481],[0,0],[0.595,-1.914],[-0.35,-2.886],[4.665,-1.32],[-5.347,-2.685],[-5.346,0],[-2.047,1.343],[0,0],[-2.348,0.893],[-0.66,7.944],[0,0],[-1.461,3.237],[0,0],[0,0],[0,0],[0,0],[0,0],[-1.321,-4.028],[-2.521,-2.508],[-0.66,-8.009],[-2.663,-1.254],[-2.511,0.006],[-2.003,-1.43],[-5.369,0],[-5.348,2.663]],"o":[[-4.666,-1.32],[0.34,-2.887],[-0.682,-2.003],[0,0],[-0.401,-19.482],[-0.66,-2.662],[0,0],[0,0],[0,0],[0,0],[0,0],[-3.147,19.23],[0,23.393],[0,0],[-0.35,2.887],[0,0],[-4.665,1.32],[5.348,2.685],[5.348,0],[2.047,-1.342],[2.51,0.005],[2.662,-1.343],[0.66,-7.944],[2.512,-2.509],[1.342,-4.005],[0,0],[0,0],[0,0],[0,0],[0,0],[1.464,3.239],[0,0],[0.66,8.011],[2.346,0.894],[0,0],[2.002,1.431],[5.371,0],[5.348,-2.663]],"v":[[130.154,193.046],[101.436,177.025],[101.436,168.333],[94.834,161.732],[89.486,89.574],[84.139,31.435],[65.433,-157.661],[59.427,-205.105],[0.01,-202.179],[-59.405,-205.105],[-65.434,-157.661],[-84.139,31.435],[-89.487,89.574],[-94.833,161.732],[-101.436,168.333],[-101.436,177.025],[-130.175,193.046],[-127.513,201.078],[-104.781,205.083],[-89.376,194.388],[-88.033,200.99],[-80.684,199.648],[-72.674,193.046],[-71.992,177.025],[-65.984,168.333],[-61.979,152.929],[-19.882,-16.779],[-0.208,-109.578],[19.86,-16.758],[61.958,152.951],[65.963,168.356],[71.991,177.048],[72.651,193.067],[80.662,199.669],[88.011,201.012],[89.354,194.41],[104.757,205.105],[127.49,201.1]],"c":true}]},{"i":{"x":0.667,"y":1},"o":{"x":0.333,"y":0},"t":75,"s":[{"i":[[4.687,1.342],[0,0],[0.34,2.888],[0,0],[0,23.393],[3.16,19.228],[0,0],[0,0],[0,0],[0,0],[0,0],[0.66,-2.662],[0.414,-19.481],[0,0],[0.595,-1.914],[-0.35,-2.886],[4.665,-1.32],[-5.347,-2.685],[-5.346,0],[-2.047,1.343],[0,0],[-2.348,0.893],[-0.66,7.944],[0,0],[-1.461,3.237],[0,0],[0,0],[0,0],[0,0],[0,0],[-1.321,-4.028],[-2.521,-2.508],[-0.66,-8.009],[-2.663,-1.254],[-2.511,0.006],[-2.003,-1.43],[-5.369,0],[-5.348,2.663]],"o":[[-4.666,-1.32],[0.34,-2.887],[-0.682,-2.003],[0,0],[-0.401,-19.482],[-0.66,-2.662],[0,0],[0,0],[0,0],[0,0],[0,0],[-3.147,19.23],[0,23.393],[0,0],[-0.35,2.887],[0,0],[-4.665,1.32],[5.348,2.685],[5.348,0],[2.047,-1.342],[2.51,0.005],[2.662,-1.343],[0.66,-7.944],[2.512,-2.509],[1.342,-4.005],[0,0],[0,0],[0,0],[0,0],[0,0],[1.464,3.239],[0,0],[0.66,8.011],[2.346,0.894],[0,0],[2.002,1.431],[5.371,0],[5.348,-2.663]],"v":[[130.154,193.046],[101.436,177.025],[101.436,168.333],[94.834,161.732],[89.486,89.574],[84.139,31.435],[65.433,-157.661],[62.677,-202.856],[0.01,-202.179],[-59.906,-205.355],[-65.434,-157.661],[-84.139,31.435],[-89.487,89.574],[-94.833,161.732],[-101.436,168.333],[-101.436,177.025],[-130.175,193.046],[-127.513,201.078],[-104.781,205.083],[-89.376,194.388],[-88.033,200.99],[-80.684,199.648],[-72.674,193.046],[-71.992,177.025],[-65.984,168.333],[-61.979,152.929],[-19.882,-16.779],[-0.208,-109.578],[19.86,-16.758],[61.958,152.951],[65.963,168.356],[71.991,177.048],[72.651,193.067],[80.662,199.669],[88.011,201.012],[89.354,194.41],[104.757,205.105],[127.49,201.1]],"c":true}]},{"t":129,"s":[{"i":[[4.687,1.342],[0,0],[0.34,2.888],[0,0],[0,23.393],[3.16,19.228],[0,0],[0,0],[0,0],[0,0],[0,0],[0.66,-2.662],[0.414,-19.481],[0,0],[0.595,-1.914],[-0.35,-2.886],[4.665,-1.32],[-5.347,-2.685],[-5.346,0],[-2.047,1.343],[0,0],[-2.348,0.893],[-0.66,7.944],[0,0],[-1.461,3.237],[0,0],[0,0],[0,0],[0,0],[0,0],[-1.321,-4.028],[-2.521,-2.508],[-0.66,-8.009],[-2.663,-1.254],[-2.511,0.006],[-2.003,-1.43],[-5.369,0],[-5.348,2.663]],"o":[[-4.666,-1.32],[0.34,-2.887],[-0.682,-2.003],[0,0],[-0.401,-19.482],[-0.66,-2.662],[0,0],[0,0],[0,0],[0,0],[0,0],[-3.147,19.23],[0,23.393],[0,0],[-0.35,2.887],[0,0],[-4.665,1.32],[5.348,2.685],[5.348,0],[2.047,-1.342],[2.51,0.005],[2.662,-1.343],[0.66,-7.944],[2.512,-2.509],[1.342,-4.005],[0,0],[0,0],[0,0],[0,0],[0,0],[1.464,3.239],[0,0],[0.66,8.011],[2.346,0.894],[0,0],[2.002,1.431],[5.371,0],[5.348,-2.663]],"v":[[130.154,193.046],[101.436,177.025],[101.436,168.333],[94.834,161.732],[89.486,89.574],[84.139,31.435],[65.433,-157.661],[59.427,-205.105],[0.01,-202.179],[-59.405,-205.105],[-65.434,-157.661],[-84.139,31.435],[-89.487,89.574],[-94.833,161.732],[-101.436,168.333],[-101.436,177.025],[-130.175,193.046],[-127.513,201.078],[-104.781,205.083],[-89.376,194.388],[-88.033,200.99],[-80.684,199.648],[-72.674,193.046],[-71.992,177.025],[-65.984,168.333],[-61.979,152.929],[-19.882,-16.779],[-0.208,-109.578],[19.86,-16.758],[61.958,152.951],[65.963,168.356],[71.991,177.048],[72.651,193.067],[80.662,199.669],[88.011,201.012],[89.354,194.41],[104.757,205.105],[127.49,201.1]],"c":true}]}],"ix":2},"nm":"Path 1","mn":"ADBE Vector Shape - Group","hd":false},{"ty":"st","c":{"a":0,"k":[0.149000010771,0.195999998205,0.219999994016,1],"ix":3},"o":{"a":0,"k":100,"ix":4},"w":{"a":0,"k":1,"ix":5},"lc":2,"lj":2,"bm":0,"nm":"Stroke 1","mn":"ADBE Vector Graphic - Stroke","hd":false},{"ty":"fl","c":{"a":0,"k":[0.149000010771,0.195999998205,0.219999994016,1],"ix":4},"o":{"a":0,"k":100,"ix":5},"r":1,"bm":0,"nm":"Fill 1","mn":"ADBE Vector Graphic - Fill","hd":false},{"ty":"tr","p":{"a":0,"k":[135.84,402.001],"ix":2},"a":{"a":0,"k":[0,0],"ix":1},"s":{"a":0,"k":[100,100],"ix":3},"r":{"a":0,"k":0,"ix":6},"o":{"a":0,"k":100,"ix":7},"sk":{"a":0,"k":0,"ix":4},"sa":{"a":0,"k":0,"ix":5},"nm":"Transform"}],"nm":"Group 10","np":3,"cix":2,"bm":0,"ix":10,"mn":"ADBE Vector Group","hd":false}],"ip":0,"op":182,"st":0,"bm":0}],"markers":[]}